level_0,index,topic_id,article_id,date,title,full_title,media,language,topic_score,article_score,href,thumbnail,abstract,text,sentiment_score,sentiment_magnitude,topic_sentiment_score,organization,person,topic_title
0,5,0,rickmers_trust_00006,2017-04-20,Rickmers to sell entire container fleet for US$113m to repay creditors,Rickmers to sell entire container fleet for US$113m to repay creditors,The Straits Times,en,1.0,0.531094527363184,https://www.straitstimes.com/business/companies-markets/rickmers-to-sell-entire-containership-fleet-for-us113m,"data:image/jpeg;base64,/9j/4AAQSkZJRgABAQAAAQABAAD/2wCEAAkGBwgHBgkIBwgKCgkLDRYPDQwMDRsUFRAWIB0iIiAdHx8kKDQsJCYxJx8fLT0tMTU3Ojo6Iys/RD84QzQ5OjcBCgoKDQwNGg8PGjclHyU3Nzc3Nzc3Nzc3Nzc3Nzc3Nzc3Nzc3Nzc3Nzc3Nzc3Nzc3Nzc3Nzc3Nzc3Nzc3Nzc3N//AABEIAGQAZAMBIgACEQEDEQH/xAAbAAABBQEBAAAAAAAAAAAAAAAFAAEDBAYCB//EADsQAAIBAwEECAQEBAYDAAAAAAECAwAEEQUSEyExBiJBUWFxkaEUIzKBQlLB0WKisfAVQ4KSk7IHM2P/xAAZAQADAQEBAAAAAAAAAAAAAAAAAQIDBAX/xAAkEQACAgEEAwEAAwEAAAAAAAAAAQIRAxIhMVEEIkFhQnGBBf/aAAwDAQACEQMRAD8AvwXF3Bjc3kuB+GX5g9T1ver8WsTqALm1jlXvhbBP+luH81C7TN1DvbYiVMkEqRwI7COYNTbuYf5Un+01xPHB/DsU2aO06TRxjZF1LB3pODs+WT1fQ0Q+PjnTaaCNs/5lu2M/bl71iiSOYI8xUQAjYtFmNj+KNih9udLTJcSD1fKNo0qZ5+owR+hpttDwzx7jWWh1S9h4GZZV7pUBP2Ix75q5FrMTDFzbvGe+I7Y/Q+1Rclyikl8YdK+FcNH4VDpt3ZysVhuFkJHBGbZYfY/tRPcq2SrBR3N+9WqYnsDXi8KgeIiiz2zqMleHf2etV2j4UnAFIFsGU1Grlc+dEnhB7Krva8Tw7ahoqyIXDAUqRtjnlSpbjPLdG6Q3st/cmSSOS4uGEjNISpkOOYI4cvCtCmuzxYM0MyfxJKGHuQawFvB8QxWA7EyjewEe6/33Vo9H1EX0BEg2Z4+rIuPeunJa3R52XJkx7rg06dJMD5lzNEO+ZCq+vKrg1OWQBsxSAjIJQNmsgALObaVYUjY8SMoPvjIz6VaRdjr2j7snjgcUbzH6jjWepCj5a/kjSfGhj1reD7RgU/xEB+q0T7MwoDHqKBgl0Nw/ex6h8m/Q4NXBJkZB4GqOyMlJWggZLJhhrVv+Qn+tWLXVBan5E14gB+kyBl9GBx9qD7Z76YuaZRq4+lax/VG/iVOCat23SPTZepKAp/8Ap8sg+f01gp/mIyMTssCDg4PrXDyMfqJY954k1Onpgeop8NMu0lwqqeI3nI/ccKYopHVZWA4EqwYZ8xXl0N1PbvtW8rxn+A4zRG26RXsR+aFlHPP0t6j9qhqS/R7G+Ma9v9KVZOLpRHsDJuUPdsq3vmnpW+h1+nksoewvW2Pqt33ieKnmKIamhtpYtXsOKsMyKORBpdIYth4rsDOydl+HNTwrvQpg8E2nykMI+KZ7UP8AfvXS3aswcU/VlyG+e6t1kWzuDE44PEwP9DmpLK8VpDAzuW7BIQGHmMA+xoXZSyaTqL2RciCZsxHI4N3ceWeVG5li1CHZYKWU8AcHB+4965p+r/Dox/8AKw58d45NS6JUhurxLjc2szrARtPF1sAjgSBk4ODxwRkGqtnGy7Xw77tl7VwUbwIBx7A0R6NsLDURtXNxFBcobS4Xe9aMMcK6sOIIbGDngCary6pdwX8tnr8Md+9tJupnYIJ0UHG0jrhxkdYA7QPCtYpNerOPJ4WTA9P06+OKYW4hdG70G0p8scfapkmWRAyMGU8iDUWqWnw95dWDyLJLaybO12kYyp8CVIqq6gxG4hcxyEZbZ5NjvH64zU6uzOPlNOpovl6jLVWhlZ4+tjaBwcDFVdTvmsollEe2u0A3WxjNXydlpqwgWpZoTBqwlS4zA4khGSmR1hjPCpo9QjeKFwrjffQvaRTphaCG1SoPJrNrHs53x2lyMIx7cfpT09ybXZYu41nt3jbiCMVm7WZ7O4jlPO3bdS+Knkf61pNqgeqQrHehjwjnXYfwPYaUH8HPsKaxare2hKYLjrIRU+iNf6lbi5trW5laL5dwwA2Q3mzqBkceVUtFuTJaGCU/MgOw3l2f34UQ6Maj/gfSTdOxWy1MbmTlhJPwNxBGc8OIxxPdS0qXqzXHnni9oF25fdxmO/t5rZJBsgzJhGz2Bxlc/eitx0kvpn07dujXEUOzMLqzEke8Q8JFbh9Q48G4YrQ6RPbx3U2n3VxHcbfVeGS4tXx5qioftg0+qdD9H3Ly2djuZV47EM00anyVDj+U+VCxaLUWaz8yOZxeaN10Y/U4Ib2db4Ahrvak2g5Lwyg4kjLdwOCM8weXCh0KXeXRZInIOdmQFT6j9qLDQJpZt5YyRXEiHGJjl1PIgvEDn/UimuNQsL/TZA99atEoGTJG+8QDvJHLzIFZTjNO6N4Q8PPFRycr/HX9gaEvFK8UqlWwDjgfD9qpa+2bAj+NP+wojeyxS7uaGVHAOOo2Rzxjh55oZqsclzAIolJO0CTyxg5/Srxu6Zy+RgjgbhF2vhBYsj2t5cBuswKle7Ax+lPpr/OtAfw2xI9a5itJ4mn2NgLKmCpJ4HH9+tSx2hQWxD4khUrkDmD2VtaOZWVda2RdIFUY2OzzNNViXTYpSuXkGyMAAffu8aVCaE07CIaqmpQi4tXX8XMHxqUGkWBFZGjA9lc7q5huCcCX5Uvgw7aK6lB8TaunJuzHYaD3UIW5lgPCOcZTwYUS066+ItVL/wDsXqv5irl2Qug/adNru6tIhNbXMk0SiOUrdqqsy8M7JjPPxrS2H/kXS5Yxa6xaXVuGXYeR0EiMORzs8f5a8zDfB6lniIrjgfBhyokTkcR603Jgoo9H0zpD0biBe51iyd1YiMyTlyB2EAsxX28hRhNS07Wo9rSb+1uZ4Dtru5FYqfEYJHnivHsL+UelRGELKs0ReKZDlZI22WXyI40akGk9X6UaVa6rpySmFIpm4LMVEbKTyySAxGQOHb3V5iSRwZSpHAqRyPdU3+Ma4sW7XVJGj2toxyRoVY8+PVyfPOaguJ5rq4knmSNXkO0wiyFzgZPEk8Tk/ekxqxsmlmuDtd3vS635fekFneaVcYk/L70qqgORjupxVPft4Cn3z/mqWh2c6pCZIduMfMTrKfKobFyl0JEU7m4XLY/CwqYuTzJpg2Kae1Etbk19AtzCU2wrcwe41OkgCASOpbHWI7TVPapi1Ay8Zk/MK5M8Y7T6VSLVyWpUOy98VH4+lL4uL+LPlVa0t7i5lC20LSPnkFyPvR6Ho2I2D6rcLDt8VgiG07eQFTKcI8jUZMFLcozBVV2J5ADiaM2ulSsgluyLWInA3g6zHuCjiTR/TtJMS4s7VLFORllUPM325D70UtLOC3Z5FUvMSQZZDtOfv+1Yyyt8bGigvu4Mg6P2m6Gbd3zx2pJCp9BSo2XpVjqfZdLo8aU0+aVKvQOYWaWaVKgBE0s5pUqAHHKtJ0Z0a0vRvLkO+D9OeFKlWOdtQ2LxpOW4euXNrqUWmWYW3hYDLRKA/rRy1sLayLbiPrn6pGO0zeZNKlXKuEbvksZqAE9bzNKlQI5LGlSpUgP/2Q==",Trustee manager Rickmers Trust Management said in a stock exchange filing that a master agreement had been signed for the conditional sale of the 14 vessels ...,Rickmers to sell entire container fleet for US$113m to repay creditors. Trustee manager Rickmers Trust Management said in a stock exchange filing that a master agreement had been signed for the conditional sale of the 14 vessels ...,-0.20000000298023224,0.4000000059604645,-0.20000000298023224,,Rickmers,Rickmers to sell entire container fleet for US$113m to repay creditors
1,4,0,rickmers_trust_00004,2017-04-21,Rickmers selling fleet to repay creditors,Rickmers selling fleet to repay creditors,The Straits Times,en,1.0,0.31982942430703626,https://www.straitstimes.com/business/companies-markets/rickmers-selling-fleet-to-repay-creditors,"data:image/jpeg;base64,/9j/4AAQSkZJRgABAQAAAQABAAD/2wCEAAkGBwgHBgkIBwgKCgkLDRYPDQwMDRsUFRAWIB0iIiAdHx8kKDQsJCYxJx8fLT0tMTU3Ojo6Iys/RD84QzQ5OjcBCgoKDQwNGg8PGjclHyU3Nzc3Nzc3Nzc3Nzc3Nzc3Nzc3Nzc3Nzc3Nzc3Nzc3Nzc3Nzc3Nzc3Nzc3Nzc3Nzc3N//AABEIAGQAZAMBIgACEQEDEQH/xAAbAAACAgMBAAAAAAAAAAAAAAAFBgAEAgMHAf/EADgQAAIBAwMBBgQEBQMFAAAAAAECAwAEEQUSITEGEyJBUXFhgZGhFDKxwSNCgtHwUnLhBxUzYrL/xAAbAQACAwEBAQAAAAAAAAAAAAACAwABBAUGB//EACcRAAICAQMDBAIDAAAAAAAAAAABAgMREiExEyJBBAUyUXGxFCNC/9oADAMBAAIRAxEAPwCpJ40ErbfzA+Hypq02aNI+PMfAUiaO80yzQ3GVVIwQypk5yBg/Wj+nuxjyGwQOC2Otcu+hLZG/01zS3PO1CCbUllVc5hAOD6E1NOujDcwln2/w8cnHTH9jQ3UtR78o0Z3qGZAc5zjH2qjczt/ByuMtg+YPwxmmdJdFCVa+uxh7U3yyWtsxTcBJwwJHUUMsL3EZKxxjB/05+56dKH6lMZ9HTKsCku0NnP0FULK4Agn3mQFSDwRtGPhjmpUsLBdjzLI86zMZbdh4SQPLnzpfBZiR8KLTktbqQrFio4A61SWK5z4bRgPUqaKmOzBuk9SGS4EdlDHN31uNybtzAg9Mgc4wfTGehrQnaJLM4G55pnVQXLEMM4yeOPPjPlQ3VXlayWORUPg2iPcOu3z44P8Aalh5FaaAIxYhskkkj+Y/v/maXau5lwm0joyanCZFbB8ZHJXaOfPnr18q9124RrOMMeBIDkc9M0rRXDLJaHvdpJz4gOijH0+FHEurZbeFr9pI0GDhSMg/5msbRtU24i3qV+34kqAQFGBtyM+dSse0d1ZPfqbGW5WPuwD/ABM5OT/6+1SmrTjgzvOR/wC0nZ/TNM068awtUhuEAIYEnjcM/Y0o6S2UzuAwxBJ966Z2rt45ra6DyCJ5LdgA8iKOnHn64rk+jOTu3PkBjlPXIHWuhasmSp4yFuyUVs2sXcNzGJBgsq7QwByPM5/UVT/6mwQw6rZyWkKxq0QHhXHIY+XzFbNOtL6bVLq40+2mlSD/AMi258QDAYGMjPQ0H7UXY1BoluDLHLbsy7ZE8WSQMY8jmhSencn+jGfTLuHSS89uYwW3K/BB6Hihlhs7yW3d5FVlZSFXJAwPLI58qarq+EnZQKTiWI4CnknwfD3B4/bFKttpl1L+FubYKndkFyzOCAeMDqM85+lVFR1YQxp+Ru0+6G7T5w2cNE555PSm661iQoSFOP8AUORSb2Et49Y1iz0+8kKRJCZHU8b9p/L8x9gaD9oidP1a5tA5nhikPdPGpYbD4h7EA4PxBooxaWQJ9wXZl1DVbqCWXukd2JfeBt59ft86XbwMhgXc0vJWLHU4Y8H48Z9q80m7WS7dyG7sxZBIIB8X9qZ+yE4iv9QCloY2VQrLwGxnPPzoXXqZE3wC2cxzcsqlWbeGJIJO7PGcjpV6+kiltk/nQSKPGOfP1oTrwEWpXcrJJOHnJWOFSxOc/wBzUin7yIsIZI5EcBkdcMCKzOpmlT2MrqJXdTEsAG3kHbwcmpVY6jKDj8PMwHQmM17V9PGwDnnwNOpXV5qtzEk8rO5cqgZsAF2yenlk1G7G39nazXSi0jSNS7hZW3HA9q02syR3sEkkixhXzuYjqASOvtVyHtZqGt2+sWLxQQMqvDCUB814JyfjW5KLzqFJS20mXZLtPa6EsqzQyu8paQuW4IVeB654PHvVDspoS67rJ/7rbSfh5YnlkkCtH3hPQhvdgePSle61SOOzD6jFj+AHMa/6iP8ABXadHTutJsYh0S3jAHphRR1wcsauEDOSXHJz7tDYRQSxQ2UMrwxFo4wRnKjGDwOScjn4CstRuLDSIDcTsYA2eAzYYgYA2jjz+1NfbDUI7D8C8r48bYHr04H0/SuY9tr5JDpM0sYI7+SRlZDsVSBtLfX7GqnUkwoTbWUHtJ0+7f8ADXti8aq4Do6OQ21h7eh+9Y3miX0puGe1ZoSWy+eGHv50U0K9hljtzCQImACgAAD4YHFWNevJ7a2vYlJKbFbaOevB/QVTqj09SIpS16WBpEub7Tre4/ByssCFS/dkbVPl7cH61lbWN49hKsNrK3eSKu3uz0AJz7flo3oOqvdWAVklRpBHtZyBkMQQevy+tN0LGQ7W5565q6KVYssu+xwlscx/CNb3cUdyiqFf+IoG4jA9Pj5VnqkEkF24uERHZuiybunHrn061r1e7uu/uZ7R9jzEmOUEEoGYHI9CMda2aReWi7Y7yxYpIxUs0WSSBzz86VdGNeEuRtSlYs/RTKj0r2srZC0CmQZY58/jxXtBpFhGeS0h1VFcpGs0LtnouCMZHA9a0WMVq+oPNaMzpE23J6EFR/z9aEdobo2E15YW4VXhjcxqmPCCu4AceWcf00I7HXzyQupkYgNh/F6jg/Y/St8FXKT22YjM4RW/Aydp+zlnrEUdva4guGIO5ecqOox8zXRbDUYIYo4b2RIpsDapPl8+tI9tBm+su5mPehi5J/Kq55/etswmvJ7nv4bhPxLfwpI2UGDoCBk5yM+nUUEp9/8AWtkHpi4d/LLfb3tDp8V0lkrJNLcWkiR5GVVjxyR0P/FaLGS3fTdL0ZDbvcOO+lK+ILH559c5I+dbr7T4buwW0uAZSsYZJGHi3KPzfDp98fCkHQ7q5jv721kBjuIpP5T5Hpj4Yxj61J7vUDHjSdF1fRbOLT5pIY47cxsJT3YAwAQCMe2T7+9ZdqGD6fbssSAEFHkH86lTyfrx70AmvJ5o4oZJi3eOFbyHBz+1MNxNG8ptnA2xZDAc5yFPr6EUNaUpMZJtRQv9kFDX0FnMFKRZZJCCNzLh1HPOeCcH0+NHrrVL211S8SOeVgLXcmANqnPp7etbrE2tiuybAXeeo468H3HFBtLv4W1vZJOTukZJB5MuAUHty2fainFQh2skZOct0DZY4rTSFVu8mmAYBA3BNVtEjaaVYkLiFG3SSH8oB/c+lF7y3W0a5s929EkLKD/p6j7ECsdNgQSCVQBzhucZ+VA4anmTCjNwTUTYbG5XgQOw6goMjH7e1SrUuqJbyGNgc9etSh6ZWUIWr2l3b9pr+aWWKaOaTvElB4C7sEfIAr8q1dnoJLF5oiPCJT0Ocp5fpTDNGsxJlAbIwc+lUb5Dp4eRI/EuFZWOOD/goPS3qUnqOr7t7d/FjDRvkPaJdR2dtPd3Knc/gjwOpPkPajQO7f4wXBMgIHBxyG+OQfviki3uppw0cyANEVAO7OPsKZtLuGAihZgJEOIHPRkP8p+i1oqSisJ5ONc3J5awEyQyyoQcMm4Y9f8AM/WkXtI76Nqq3V0ivb3UIVJI0wyMvUE+fXPt7U9CRII2kYYEIOQ3kCOh+1K2tQya6LvTRGvdtaR6lYPnkBlB2488Esh+A+dXZ4+iq8PP2UYda02eBGNzvmTxRIoOScdDxgfOj2n6nHd3IvEQJHMF3L8QoU/pXJdMdoLlZjnZv2n3PP7GukaVHHFBGsOdrHcM+WeTTIxXgDU29x0ayhvLZ1Dqrc4OeOmKQe0YfSdThEEquzAmQA8EjHT44z707WpdYwEXDndgeviNJ3baUaY8U86nu3IIG3nIPP60dsUqnhFVy71lli1kN1B+IlB3yBHwT0yo4P1Fe/j3GI1P8SRhGrFfECeB+tB9I13TnCxXF2kaOhCvKpQfPPTkY+dFRLp0U63Mt/aHYd2BOvP3681nih0pbjbFb27JkRgjpnFSglpqFhewieKZmQkgFASDjjyqVeUDuDEG5MGtevXAv7G11EqIzdI0cqqOFkjYr/8AIQ1tQYrStwkVhq2nsQDIouoMjjII7wD4kDd/TXN9Pu2j2Pv1TdUZ/T/ZStcSSswHiZUyB8cj9Rij9m3eRNGQChAcA9On/FJwnkjmEsQVX7vu84znqc80W0btIVV1ltN0pQoSr4Gce3Fb6OcHkbmsDo7KrJDMwIlUx4bks2CR9kpb8R0pTHMY9R0ppLdZEIz3DseDkYOM7f66H6v2onlvIIEjFuWYspQkleCuc/1HyoVeXE1tIqxOwUryAetOsWI5EVvMsAnTrYzve6a3DhSw/wBykY5+f604di5/xVvbJJnvMkHj0Jzn5Uq22be8OplxksFK465B5z8qaexDCe6v5k/JEsjjj8u5Rx9SftQKzyg3H7Hganpv4yzghn3ys4XaEb+Y8c4xS/8A9WbM6hb2kNqyrJHvfLDqOOPt9qp2REet2srHwpIpPyOaJ9sZO81KRRyEhAx75P7iin6iUoNAxqSkjiSnjNbnJPlyOCK0wI0siIvJI4+lbWOSaEINabrNzZ2EMFvgKu7O7zJYn9MVKddH2/8AabLC4AgTjHwFSs7luaoyiktjb5j2NDtYUGGNvMNj5HNSpWCr5I9x7ms+jsB0cSuVBzz51XtgE1aNV4Dgk/SpUrp0/M+f2/FnmrALcxyD86EbT7mrssKTpE0g8W3qPepUp1nwl+RcPkvwV3soMYVCvPkTTd2StYbfRNSaJMM+0E+tSpWaHI6zgHO5/EN/u/vRbX2LahvbkvBGx+aZqVKngnk5JoPOs2WRwZl4+YqSRKryxjOI3ZVPngHFSpT1yLOhaXcSPpFhIzeJ7dSf0/avalSs75Grg//Z",Trustee-manager Rickmers Trust Management said in a statement that a master agreement had been signed for the conditional sale of the 14 vessels to two ...,Rickmers selling fleet to repay creditors. Trustee-manager Rickmers Trust Management said in a statement that a master agreement had been signed for the conditional sale of the 14 vessels to two ...,-0.20000000298023224,0.4000000059604645,-0.20000000298023224,,Rickmers,Rickmers to sell entire container fleet for US$113m to repay creditors
2,0,-1,rickmers_trust_00000,2017-04-12,Shipping trust Rickmers Maritime bites bullet with winding up ...,shipping trust rickmers maritime bites bullet with winding up,The Straits Times,en,0.8699953624980679,1.0,https://www.straitstimes.com/business/companies-markets/shipping-trust-rickmers-maritime-bites-bullet-with-winding-up,https://encrypted-tbn0.gstatic.com/images?q=tbn:ANd9GcTeSeEqvtooai9Hw_e4d8pp0hxYQE0YsUeGIgt2AOkvzM-foE4GWbMzg5Ojavgh2vnH0O6zWS4_,"Incidentally, one bond holder had filed a police report against Rickmers Trust Management on Monday, alleging that management was still drawing salaries ...","shipping trust rickmers maritime bites bullet with winding up. Incidentally, one bond holder had filed a police report against Rickmers Trust Management on Monday, alleging that management was still drawing salaries ...",0.10000000149011612,0.800000011920929,0.10000000149011612,Rickmers Trust Management,,Shipping trust Rickmers Maritime bites bullet with winding up ...
3,7,1,rickmers_trust_00007,2017-06-01,Rickmers Holding Filing for Insolvency,Rickmers Holding Filing for Insolvency,Ship & Bunker,en,0.5797020991276807,0.21071115013169447,https://shipandbunker.com/news/world/266821-rickmers-holding-filing-for-insolvency,"data:image/jpeg;base64,/9j/4AAQSkZJRgABAQAAAQABAAD/2wCEAAkGBwgHBgkIBwgKCgkLDRYPDQwMDRsUFRAWIB0iIiAdHx8kKDQsJCYxJx8fLT0tMTU3Ojo6Iys/RD84QzQ5OjcBCgoKDQwNGg8PGjclHyU3Nzc3Nzc3Nzc3Nzc3Nzc3Nzc3Nzc3Nzc3Nzc3Nzc3Nzc3Nzc3Nzc3Nzc3Nzc3Nzc3N//AABEIAGQAZAMBIgACEQEDEQH/xAAbAAACAgMBAAAAAAAAAAAAAAAAAgEFAwQGB//EADUQAAEEAQQABAQEBAcBAAAAAAEAAgMRBAUSITETQVFhBiJxkSOBocEUMnKxFUJDwtHw8Qf/xAAZAQADAQEBAAAAAAAAAAAAAAAAAQIDBAX/xAAiEQACAgICAQUBAAAAAAAAAAAAAQIRAzESIQQTIkFCURT/2gAMAwEAAhEDEQA/AJtFpbQSus8om1NpLUWgQ9otJai0BY9qCUtqNyAHtRfol3V2gcXz0gBhyQAOSrTHiMcbS4DjyKw4MbIovGmrcR8oPksU+aJCKuwUFItQ5lfNVoVM/LeXcUhFj5GG1FpbS2lZFj36otISi0WA9qLSWotFiHJQT0kcaA91J/mAHQ5KQG1h4s2VkxwxseS/dtpt2QCa/RXDNCdhYmTl6hjSvjja14MZs+VivYmls/BmfJiSmPMDXYTgXNaGhzg41z9F2GNqui5eRJj4+c0ZEbdz2eIQWC+yDws5SejsxYU42ednTszPdvx8dzGbnCpHbA1oPB58qI9+CrTSfh7GfG9+UTMWmi4FzYx9DwXfkl+N9UOkR5T9KdLPM4Oke98gc0t2hwDeOjx1xyuMi+NM6fUMeWVgZA3aJpAd1McOdvlfXuj3tbNI4sa7fbO7Pwnpr3Es1CVovraDX6oXOZP/ANKbiPbBheL4DG02pK+9V/ZCfHITWL8NC1FpUWrOEa0JCUvjRREOlstvoGj9+kDSt0PdH3Q4gybAfJWWFkad8sk0Jj2/N8zLHHmTytzU9W0jHAlz8uN23hsF8bu+QOf2+im7dI6f5WlcnRROILr8h0Fb4cmi40Ae9j8/KIO+J1ta30ptWfufotSD4nwI8OWRgOG6W7jcBE4s6sEfMQb/AMt9qubqeNnySOnnbp2LCW7ZDFW5x7sB2705NnnlRJ31o6MHjqLuSs7DB+FcLOhMgcIg8btuNMWti/qcbNjnpoXFfGcMenY0GnaPqxyYdx8SNkYiBNd9077e629Rki00Mnj1jxHtaS2JrHF1Hg0Abqz5rg8oCbIe6eQuj8Y29xvjv9lccb+SpZO+jpWavLn4GPpvhSPkjg8OR7vmoVQ/QfRctkNlD3wTvcAx5a3xOBQvn+yzt1d2F4jNNGwPbtLiLsKqmmfK8vme57/T/vS14rbM7fwZXzxtIA3Hgc9KVgEOSeRC8D2aUJ+pEjr9PS+zx59LK6CVkhZKzw3Bu53ifLtb6m+grHB0yVksc28lzXBwawf7vVTJK/QNMZjuzYcXLne0yAuJlkBPI4FjjrkLBzSM4eNN9tDYOkQZeNHNFlGVrhucYtu0N/quh9Vt+Fp7sPdp2nTPGxwZIJPxJgRzQsAA+65rWY8vURj4+m44aGvEkGPixO+Yg0TI7ocgmyT+RWLO1nJ0Fxx5ZTLJHwZcghzpDx01n8rR6k8qeLn1Z1w9PH7lEto9Hzs0+NNBDp2NG3aInyb5H823cbpv3v6rQ+I9Oy9J02efLiiDifwpQbeD6gHkAgdrmj8Ua03VY82HLeZI3fhsYKYNwogN+hPPfutTWcnUM2Y/4hMbJ3m3fL9vXv3TWNu4op5eLUjBiyOOU4vB3FpNns3RW27Lnx3PdFIyNhaG7tgJaeeiRfmeqVQcpsXEDbftDdx4+wWvLK55c6dxLj79K1iUXdieVyjVFhLqIbAyHHaNzG7TLtpzub/dV8sr5JN0ry5/oohbLPIGQxudx03ul0WBp8bWtd/Dta8Dy5VPJWjllJQKSHAy8igGbGe5VxhaXFjgEgPf5upW4hA6ACAwA3+yycmzCeSUjE2EV1+iFsj6H7oSMzqNW+J4dJxg9uHNvLi0Bgskj38lxeN8RNbqs+oN07HEDztBi+V9k8kep+ywavrY1WN+P4LWsPzgkBmzry9K/wDVQtyBjycPadjwQWj+b9FUVL7Ls9aU43UdHZZmqatkwzZDGR4uNGwuEd1vA5q+D5dNoLl5juhMY2wwXya5J9z2o1jX3alkNe2FsbWElrbuz6nytVUmQ+VxdI8kpwhxVNkTlzadG6/LjiI/h225p4cf7rVlmfId8ry498lTBBk5b6iYTfBcuhxfh3DiZC/KyTkSl34kLQ5rWj+rs/kFXNLRm5xW2UGHi5OdMIcOEuc41Q/dX7fhRuNGP46dpnPHgxOBr6+itm+FCSzHYyCHyZEO/ck8qKBcS2wPTs/dZOTZzzzXox4mHBix1GA09EAcn81maOK5r0JTtaAPVMAkY22JtNIDfVZUiYMYAIUWhMk85kmc8nn8glBvr/lXMGhj/VkN+gVjj6ZjwVtjG71KOR2y8iC0UEOmzytB2uo+fStMbQ4xRme4n0HAV0yMNaAAsgaps55Z5yNeHGZGAG2AFsNYKTtanpBkYwzlZWhQmCAGU2ltCYDEpUIQBKFClAGi1otSByhCRJmA4TBCEDGCEIQMFPkhCYAhShAAotCEgJQhCYH/2Q==","In April, Ship & Bunker reported that Rickmers Trust Management Pte. Ltd. (RMT), the trustee-manager of Rickmers Maritime had announced that, in light of the ...","Rickmers Holding Filing for Insolvency. In April, Ship & Bunker reported that Rickmers Trust Management Pte. Ltd. (RMT), the trustee-manager of Rickmers Maritime had announced that, in light of the ...",-0.10000000149011612,0.4000000059604645,-0.2500000037252903,Rickmers Trust Management Pte. Ltd|Ship & Bunker|RMT|Rickmers Maritime,,Rickmers Holding Filing for Insolvency
4,8,1,rickmers_trust_00009,2017-04-11,BRIEF-Rickmers Maritime announces winding up due to failure to ...,brief rickmers maritime announces windin idusfwn1hj0np,Reuters,en,0.5797020991276807,0.1571091908876669,https://www.reuters.com/article/brief-rickmers-maritime-announces-windin-idUSFWN1HJ0NP,,April 12 (Reuters) - Rickmers Maritime: * Trustee-manager (Rickmers Trust Management Pte. Ltd) has been unable to reach an alternative agreement with its ...,brief rickmers maritime announces windin idusfwn1hj0np. April 12 (Reuters) - Rickmers Maritime: * Trustee-manager (Rickmers Trust Management Pte. Ltd) has been unable to reach an alternative agreement with its ...,-0.4000000059604645,0.4000000059604645,-0.2500000037252903,Reuters|Rickmers Trust Management Pte. Ltd,Trustee-manager,Rickmers Holding Filing for Insolvency
5,1,-2,rickmers_trust_00001,2017-08-29,"Rickmers completes winding up, bonds to be delisted","Rickmers completes winding up, bonds to be delisted",The Straits Times,en,0.424963813431892,0.4884667571234735,https://www.straitstimes.com/business/companies-markets/rickmers-completes-winding-up-bonds-to-be-delisted,https://encrypted-tbn0.gstatic.com/images?q=tbn:ANd9GcQya3uqdVtAH8q-lxB5XS7gduYgbVh6megA5qAgNv1Va1-xWnIgEDOOhgjFHcvW1ZmF8a_BpQg,Failed container shipping trust Rickmers Maritime has officially sunk after taking on too much water in a badly battered shipping sector. The trust has been ...,"Rickmers completes winding up, bonds to be delisted. Failed container shipping trust Rickmers Maritime has officially sunk after taking on too much water in a badly battered shipping sector. The trust has been ...",0.0,1.2999999523162842,0.0,Rickmers Maritime,Rickmers,"Rickmers completes winding up, bonds to be delisted"
6,10,2,rickmers_trust_00011,2017-07-26,Navios Maritime Containers Inc. Reports Financial Results for the ...,navios maritime containers inc reports financial results for the second quarter ended june 30 2017.html,GlobeNewswire (press release),en,0.388598879864918,0.11371712864250173,https://globenewswire.com/news-release/2017/07/26/1063009/0/en/Navios-Maritime-Containers-Inc-Reports-Financial-Results-for-the-Second-Quarter-Ended-June-30-2017.html,"data:image/jpeg;base64,/9j/4AAQSkZJRgABAQAAAQABAAD/2wCEAAkGBwgHBgkIBwgKCgkLDRYPDQwMDRsUFRAWIB0iIiAdHx8kKDQsJCYxJx8fLT0tMTU3Ojo6Iys/RD84QzQ5OjcBCgoKDQwNGg8PGjclHyU3Nzc3Nzc3Nzc3Nzc3Nzc3Nzc3Nzc3Nzc3Nzc3Nzc3Nzc3Nzc3Nzc3Nzc3Nzc3Nzc3N//AABEIAGQAZAMBIgACEQEDEQH/xAAcAAABBQEBAQAAAAAAAAAAAAAAAQIDBQYEBwj/xAA9EAABBAECAgcGAwMNAAAAAAABAAIDEQQSIQUxExRBUWFxkQYiUoGhsTJCwiNT8BUzQ2JjcoKTwdHS4fH/xAAZAQEBAQEBAQAAAAAAAAAAAAAAAQIDBQT/xAAiEQEAAgEEAgIDAAAAAAAAAAAAARECAxITUSFBMWEEFFL/2gAMAwEAAhEDEQA/ALEFLq8VEDaF9Dmm1I1Uo7SFwCDojmfG7Uxxa4doK7IeKTtI1kPb2gilWByXUottLj58M7fxBru1riukOWR1KaPKlYKbK8eTlNq7mp1ItZv+UMn96aSdeyLsSEeCztNzS6kwzMBouFqkZnFwqVxvvu09mRG401wtXabl3YO4QqoSOHJxCEotndaUvTer5H7opBBPf82Vpmkgel1jtCe3EeW7bf3indUfyLhSWUiaUa910NwzRs2ezdKMUj8gPkVLKc9irS2pnQSFtCOvIhMOLKeTXfMhWwzWl1JwxZfh+qXqs3wKFGhydq2TuqTfAnjDfpsva09xS1o0TSNFB5Qn9Rl+NqEspPSVMBLro1TSUms0s20lQAotRSguSxKAggKO3JLKWJUWo90llES6kurxUNlKliYEeCdagBRagntIoxZ5FCDJy+0mTBkFpx2hpFHYgkdnNJD7Syl/vtiI8CovaBsU2drDwNLQx3hSpHOazYNB8isTM29DDR0ssImWxg9ocRznNmBirtO4PoCpHcexf6JzZD3AuB+rVizMLOx5pBMO4q3PST+Np+sm2HHMVjR0/wCzcb93S4/pTX8exiwugLXnuOpv6VjOn7m14JenPclz0n6+n/TZN9ocGhrMjT2gRkp7eO4Tqpz6Jqy2vusV057lIc2QwMhNGNri4Cu0/wDityk6Gn21h9oMXfTFkGv6rR+pSM43jOjJMcusfkFEkd/ksi7OnfJLISNUtiTb8Vm/uErMyZlOa6iGll12d31UuU4NPtqJONDSHRMaASa6Sx9Qd0g49E0DW1znf2bLH1IWX6zK6NsZdbGElo7rq/sEGQ0K59uyXK8On7lpne0EZPuxvHnGP+aFmekchLk4dP7R8duDic7X0dTy4Eb7H7KvM7NgL9FfcSwukyXvNW42uExRwPa9zmPDSCQDe3kkzi5c2VOacGMROe17BIwOFjn5JjXs7z6K2y8zh+aI48UvM3bqqmAXsE2LCi2JkYR6peKxrT0rtu8+idXmrJ+LjsbqMgrl5rgiz4XSGNp3LtJdROkcrNc1jLKIXmno0AdxT2Rl5AYwuJ5AKyx8TXG17WON2DpIrZdTcNj6Dg4Ub22P0WomJhOXJS9G8EgscCNiK5Jwjd8JpX78COafpnvmdJ3ueTf1Uowmg7WteGeXJnhE/saVKIHn8q0AxWp3VfRE5Mmf6q/4ShaMY4pCeE5Mu1FxbJYXOiDwJQL0WLWShnyXZwbNq2JBvYOA2/15+BV7lx48szsnGf0kwJDoOTnuB3vxpSwa8jELJMU9M5uim7lhuvS91wmLlhlpIXRcSlELq946dXKr7+zairDK4jKYYyHmIafeaGUHN7P48QueaOXr0xyMcl7Xh0rTYb2UPI1S6cqSVkzJs1o6NxaANG10TQ76pShAeKPfAXtvoi7S018ufdSuPZuCDO6UuJ2BAp3PcHb5qmzRNH0repta18r46bFyAF/I1y8CpeFZTYceUwMLng2Hi+6tIKlD0BjAywxgAJJoDtT2t8B6Ki4Bmz5s0jcgu1x/iBFBrr5eWy0AXbHyFDR3JwakCeFodMeGTG2R1gOaS2hd0a9fBD4Y49nCfVV10RW/4C7Cl4bC3HA6M/lcORs/9rsk4ZhuBPVoge8MAWJlXmfRx/DP/loXo54dhtNGID/Ef90KWvh8qwZ8zI45PdMgNazd8v49Stb/ACjPjQx9GI71MaXFu5BbZQhYj5ZVvtrO5smO5ga0vYHOofiLXe7fqVVzM6tkQuje+zEyT3nXRPP7n1SoWpCxe0Gc3pGNMdRyEsBZYHIcjtyJHz8looH9aij91kOmZp/YtAsmSt0IQWeCxuPliKFoa2QPc7xotoeXvFWzShC3j8JJwXXwuJuTnwwyXoc7ekqFZT29DxYo8fhbGRsGhgJDTuOZTsIGfG6UPkiPcx5r0NoQsOkJYHvp4e8vIcQC6rQhCytP/9k=","In addition, Navios Containers acquired all the rights under the acquisition agreements entered into between Navios Partners and Rickmers Trust to purchase ...","navios maritime containers inc reports financial results for the second quarter ended june 30 2017.html. In addition, Navios Containers acquired all the rights under the acquisition agreements entered into between Navios Partners and Rickmers Trust to purchase ...",-0.20000000298023224,0.4000000059604645,-0.15000000223517418,Navios Partners|Rickmers Trust,Navios Containers,Navios Maritime Containers Inc. Reports Financial Results for the ...
7,11,2,rickmers_trust_00016,2017-07-27,Navios Maritime Partners “a Unique Platform in the Dry Industry with ...,navios maritime partners a unique platform in the dry industry with 700 million in contracted revenue claims angeliki frangou as the company issues second quarter results,Hellenic Shipping News Worldwide,en,0.388598879864918,0.03444316877152698,https://www.hellenicshippingnews.com/navios-maritime-partners-a-unique-platform-in-the-dry-industry-with-700-million-in-contracted-revenue-claims-angeliki-frangou-as-the-company-issues-second-quarter-results/,"data:image/png;base64,iVBORw0KGgoAAAANSUhEUgAAAGQAAABkCAMAAABHPGVmAAAA7VBMVEX////8/Pz+/v75+fn7+/v6+vr9/f309PTh4eHx8fHk5OTr6+vn5+fu7u7d3d3QADHV1dXMAADAwMD36OnPz8/77u/nt7+zs7PGxsbOAB7z0dXA2ee6urrkk5zrs7jNABbkqrPQ3ufaZ2zMAArt1NeGhoanp6fvxck3ncv24OLPACqixNj/4ODh7fXWSVX/1NTY2Oibm5tHl753rMjSx8fNu7uNtcvGoKCsws9jqMv7ycmzzd3cwMDiurrar7HCkpG2m5u3p6dfX1/Py+DSOEHbdn7RLTd4eHi+qMbjy9bUO0zXV2Hgg4rno6fbY3LUK0qqAAAKvElEQVRogc0aC3vbNg4iJT5EiaVlKVYdL01WJ46SOEkfa6/t1nXLmt6WZv//5xxAybFsy3Eey77DUpgiCIIEQBAkB7AAwU0pgn8AhO+TwYHL8ty+GpUHgzJTg9GozDInnS2hLG05MI8QMSpdbpPcOciVtk4rZ60zVsrSJNYmMjeCGyMTKx8hRJkksUmiUkhjtb6ZzWITK57KMspLm7sgUYlG1iSVMVgLg9yaJI6MdDodqRKHa0yk0kQnKc9K7NlIZQKJTe16IeX+q/2DA6bcgckG+78PJLY2Kjt49bu28UEOr7L9g/0DsPlBLL8N9gff8m9ZPMhRTU4Oslff0lxleaJAS6NTrVMj9QzSm5I2sa+WWCWVlZ6WpnpWmTbNZYsxrZvjb5pL/2sgj3Or84y5XMyA35QEY60y1D98Xteizj5BsiUG/LXcoMxU8rmNN3gvv53c5SpBFIZR5P94DZGclTphAzlMV8nAViHqqGsBv5WK6lqt65rc7frYoM0udalVsB11jyL/OzNhaJX670aD0VIFW2gBfM4Cc9rszwtZbmFsYqwxipajMZoCBq47rbEixgiiE6PjVNcViaR4lmhliMWmaSxToxV1kKoUcWJNbH2PicZlHOtUUR9oE2eVdRiYSgxEOsFy7iyuGz7z65lzBOi9sSudsw7/YUClltTYf2Av1BMR8ZN6yS12Eq64ljSJ8d1ro2xjQBSfY0d5mRO3YRtNNreJpIHkGMnWeVe8AMrOCvfyrhl711jE7UO980xaLKvAO+paIG+lCi1W6iBaBdlRd2dyoFfrHqCPh0Th+6pLyAV90JazUV3osVJy/E/6EoGWt0K6+HV+YULeqjCrHMBzp02eKpNyl8PyztgFi+SAy/OL8/MpacVvg5KtcACvF641TpdO3sF9VskY7eT04uJ8ipFKBHqVA875dHq+uLE8bPtlKOj8XHaSL/j5xcVigNkg5BZyqFF101XvHI+hqMYLW7K8bQ9fS6YFEQYCEq85EYggRKjVNZnApD9ZEL5hJmFnLdo3LIo+QlFVf/753/GfFcJ4SADoVIo2gpYqBeUwXBbEUyxC30NVDYc1+3g4QaASoqryVGoXMfS5i1hCbYgBxyQX94GaaThseDxH1bDNgUZHvcg1s2W04mkzFLQnnKOFNFWenv41QWq/zzk5I0Fwo4BVQG5cJ7cFhJYLo0qmKCeFy8sjL6SYD2dDcLpv7JLnAJXfPtpCniBNHdM+HvaLaJOP3o3cmabCGJ5+JtBvCSn4HXp5iBBoC/H4n5+Jjwi8mkzQKGiZ8BFHB18fdpC7ZvI4dbn1JBLC/+j1vsKD1cWrtULqfIIUFcrTo+dfIQpluDlb8Y0YBpli1jiUVYA/zInVbGWetUPkheDpHaAJbJ1HKe4bO2rTe97bmWf71ZywyLwwqVqIKhUmlugK4/Xq4ipTKUDv2YudRXUlSGDIPByuSayi0+cohLkodAy+v3zx45pm+M9ghuKWhAS04lykXQg/9F5ctlY3hDcQ8O9XV9cQ5DZxAXx/fvRjizgHYUQYGGdjK2ohESbWSrDxLztjHCHm8hx2rq6+FsENS1vt3oUZBC7CmO+FdFimVjoL8xDLXohUPMoBfuz1rogoLW6dYeXZYNUms3XindALgcn19fWiclM8qZhZo1qI8V/Xf/99TU7DSUhUu3O/YVoYJc2EIQeir35g33svjiKa0E0To0Em0DTqveztgowFy6lNn6qZdLUQajys+RbVjlEBbWNQm2y8szMW8MPzZ5cyCKNqpuAgMXgWDMIgxRrMQiaViPAEp0RI6yQUdDSjjiqsCNmQ1TbpgLqSk+rqmQCbe7NJA5zJIpiUsKhDgQ+QjbqGXd3XUDcuSKG4WoaoCNEWEq4I4e2xtoXM2DrWdH15gkLISoRZgM7JBFoVbZJGOukMBR5EfbfC5zYBwbqWAvfKL/rCY9R9EI5JuWhVsgnXsehaQM0y0mS+CFcJG56eXhVsfHq1QV01ZiH6AIgA1yiudZ4uq2sB5pvWpHd0VMCwd7ReSOAjfkDq/uHZ5UvkViMV0OH89ivWlpCXz44kDF8+Wy+kBejIPfqtt4ruXHiNkMIL6UgCl8+MXgjDXwebz0jzMyMJuSweOJM7JxKTXq/35EJqeFp1Ncz/2kz+f4S8eKSQdWGlBXD9x1+XGFeY85Fbro8pN2FlDoyErA2Qrb1suLW1Cxj7HHSRuwJkm/mO6vJCHqOupxfS61ongi8dPL0QhhmMxUi8Sl4EtrJOLv+4uxBmyrJE0j2FiLDozETXqMtk2YjfX124h7c/xHg4rDYLueddPa8qOmmFgk7ZTERbW1sTIH2IgPXH44r5vE406kpGKEQIXCeBCOjyOoDxeFyw+sUSKmRAm4UaqZSoCVZgxhRBf3cLdnd3Kwjxsw+hFyLoulDAhMqUrUzCZiZeCKSIDejBaKAAdre2xiDyskS/Q4Zf0AGzUYbd9/v9EPrYHycMWKgg8pgjxvxiMBiUXkUTj7eimRBUlwQzGo0SkKMsmwkJsizLoRlVjkJwu9r13e9sbUkvJNWxllInlm44jdIeU9laKqvUYyrLRKUe01VmYmO61IyJ2cQJMcTELJ121IVn0DXO8ciTkTGzkmyWjUi/A4/zEk3IbO7Llqxdv3sq0hPEllIWTVMAXQ6o0ajE3T/Y/3aA5aT0PuDrIQdZP0yaxD88EpYpvWCmShG2/qnSOWqEcyOsDGJPxfkn9OJpqUYnnsE4/5IZ+9dNVb+IQo6KUqEy4GIJiqs0wYEWJ8XJyQmmXFMxnU63cVf0R09/Bg14eFPGtO8GN1VC1x9RC6Mm8GClbIbjTHFgKnejfnRyUp19PBkH073pHv4tOf791gnBhw8f9iBCvA3R8bt3nwD2sN/belkjRBs8ugAOaq/G7bPT4eEhdv/68PAT8A+Hh28AXnv8nzdv3uEqVypefjAibvnu+BiPyIj3QNQMbzx+d3j4msExYg3J8fFxPaLt7W08ySJOPN4LQsJhsIc4Irwtgz1sHUZTxDKSOEgd6U/b29NIII5nbMQQeIaGLTRIlpHZ3u6a+MoJPPSXMKK5itmQpq5oM+g80T/ZfdfTCrn3JeOmp3Id8aj18N6+72rD427ukBzI1GzS2gPVxXRsbZ5hEM/oJXU0yMpcJfMRh1zTHtLAojd0pmU31EgmMZ7dy9FglFHwkMADf6tfnZycnU1++fzrl+xnQIkDklliu8GIPghwuyidVUmc6La42Rgw3rsSt5fBqMyte/t2XGGvFfZ69vHjx7M+FulCvzl5cwXp6ryDkNP7QvX2558/f37/629lFc9eE/pJ4ka/fXn/+fOE+vuIvZ6dnRBUVcEjGsUtxuDUw4kfSMN14keD231h3E/vPXx5/9Pb3Hpp6+3WJaTgGHA/+n6rQqzYhC1fJM2cb10y3DxtLNbhgGmW/jWvycdvT9s3kIOlrN4fC5pBtXHUrmHLVAib6S3hGVm2+Rpu+n8QEGJHW36i/JsnJRXS+tTC+gdQS1SpLCUSsa+KHTXFncC3bzIPauRkTu+onkHWuGwSCT6qEwm/8w8IB2WGJgxdSQMtczJ07iiRcD6RsI7c0ni2NKPcgQ0y1Av/9jt9xHUiceCNPP/frkQLk+WZ93JW+4r0zlQ/ZHH/KFWvAdzeqXntasKzNX6x4EL/Ax1n+xynkSmyAAAAAElFTkSuQmCC","In addition, Navios Containers acquired all the rights under the acquisition agreements entered into between Navios Partners and Rickmers Trust to purchase ...","navios maritime partners a unique platform in the dry industry with 700 million in contracted revenue claims angeliki frangou as the company issues second quarter results. In addition, Navios Containers acquired all the rights under the acquisition agreements entered into between Navios Partners and Rickmers Trust to purchase ...",-0.10000000149011612,0.20000000298023224,-0.15000000223517418,Navios Partners|Rickmers Trust,Navios Containers,Navios Maritime Containers Inc. Reports Financial Results for the ...
8,2,-3,rickmers_trust_00002,2017-08-28,Rickmers Maritime laid to rest as winding up completed,Rickmers Maritime laid to rest as winding up completed,Seatrade Maritime News,en,0.36790848662853615,0.4228855721393035,http://www.seatrade-maritime.com/news/asia/rickmers-maritime-laid-to-rest-as-winding-up-completed.html,https://encrypted-tbn0.gstatic.com/images?q=tbn:ANd9GcTkU0IPuswDur1TNLj0Ylp0DXLmLfLbxJn4T4hERnmu7iEipPLRQH4_OUDE6uSm4B700-lG7Fk,"In a statement to the Singapore Exchange Rickmers Trust Management said the final distribution to unsecured creditors, equivalent to 12.1% recovery, had been ...","Rickmers Maritime laid to rest as winding up completed. In a statement to the Singapore Exchange Rickmers Trust Management said the final distribution to unsecured creditors, equivalent to 12.1% recovery, had been ...",0.0,0.5,0.0,Rickmers Maritime|Singapore Exchange Rickmers Trust Management,,Rickmers Maritime laid to rest as winding up completed
9,3,-4,rickmers_trust_00003,2017-07-11,Rickmers Maritime gets nod to sell remaining nine vessels for US$54m,Rickmers Maritime gets nod to sell remaining nine vessels for US$54m,THE BUSINESS TIMES,en,0.31963090241031195,0.36739380022962115,https://www.businesstimes.com.sg/companies-markets/rickmers-maritime-gets-nod-to-sell-remaining-nine-vessels-for-us54m,"data:image/jpeg;base64,/9j/4AAQSkZJRgABAQAAAQABAAD/2wCEAAkGBwgHBgkIBwgKCgkLDRYPDQwMDRsUFRAWIB0iIiAdHx8kKDQsJCYxJx8fLT0tMTU3Ojo6Iys/RD84QzQ5OjcBCgoKDQwNGg8PGjclHyU3Nzc3Nzc3Nzc3Nzc3Nzc3Nzc3Nzc3Nzc3Nzc3Nzc3Nzc3Nzc3Nzc3Nzc3Nzc3Nzc3N//AABEIAGQAZAMBIgACEQEDEQH/xAAbAAABBQEBAAAAAAAAAAAAAAAFAAEDBAYCB//EAD0QAAIBAwEECAQEBAUFAQAAAAECAwAEERIFEyExBiJBUWFxgaEUIzKRQrHB0UNSYvAzcoKSohUlk7LhB//EABkBAAIDAQAAAAAAAAAAAAAAAAECAAMEBf/EACURAAICAgEFAAEFAAAAAAAAAAABAhEDIUEEEiIxUZEFMkJxgf/aAAwDAQACEQMRAD8AvwXF5Bjc3khA/DMN4Puet71fi2xMABc2iSr3wtgn/S3D/lQy0BuoRNbYkTOMqw4HuI5g1Luph/Cf/aaxPHB8GtSZo7TpNHGMfFywHtS4B0jwyeH2NXzfxzqGaCNs/wASBsZ9OXvWLJYcwR5iogBGxaEmNj+KMlT7YzQ7ZJakHx5RtDMmf3GMfoabWhPPB8ay0W1L6HhvVlXtEqZ9xj3zVyPbMTjFzbvHnmYzrH6H2pfJe1+BqXDDpWuGj8Kh2bd2crFYbhZSRwRm0sPQ/tRPcq2dLBR3Nw96ZJMD0DGh8KheIjsos9tIoyyHHfzH3qu0dBxIpAshl44qNXZSfOibwg9lVnteJwO2kcWhrIhcMBSpG2OaVDYTy3YvSC9kvbnXJHJPO+9ZpCVMnDmCOHLwrQrt2eLjNDMn9SShh7kH2rAW8BndlgOmdF3sBHaO1f77q0eyNorfQESACdOEin88VpyWtnOyZMmPa9GnTpHji9zNF4yoVX78verg2nLIobMUinkSgbNY8BbOXUqwpEx4kAoPbK/lVtF3Z12j7snjgcUbzH6iq+9Eh1a/kjSfG5+q3g9EAp/iYD9Vovo7CgMe0UBCXQ3En9R6jeTcvQ4NXBJkAg5B5GnNkZKStBBpLJx1rVv/ACGrNttP4Q/ImvEGfp3oZceTA49KDFz31yXNFpBNZH0rWPi0cnjpOD/9q3a9I9my9WUBT27zMZHr9NYKf5kbIxOlhg4OD964aRj9RLHvJyaVx+Mh6inw0wDRXCqpGRvOR9RwpiqkZVlYDhlWDDn3ivLYrq4t31W8jxk89LYzRK26RXsJ+ZplHf8AS33H7UjjP+wpI326U91KsknShCo1Ncqe7Ct709Jb+MajyZw+z7w6B17Z9aeKHmPy+1ENpRm1mi2tYcUYZkQciD303SGIRvFdhchTpfxU8Kl2FKJIJtnzENuz1c/iQ/371qbtWZ3FNuLLkF891brKLO43Tjg8TK35HNdWN4rSGFpHZuwSEBh6YB9jQywlk2VtF7EuRBO2YeI4N3ceWaNzpDtGDSQpZTkA4IB9R71mn4uq0aMf6Vhz4rxyafwlWG5vI7jdWkzrAQGeLrYBGQSBxwePYRwNVbONl1G3fdsDzGko3gQDj2U0Q6NsthtIBrm4iguU+EuF3pDRhvpdW+oYbGOPDJqCXal5DtCSz6QQx3728m6mdtAnVQcFkdcOMgagDqByKsik4+LMeTosmB9vJ18eY8C5hdG70GpT5Y4+1TpOsiBkYMp5EVFtO0+Hu7qwaRZJbWTTnhkjGVJHYSpFVHUbo3ELGOTGXK8mx3jl64zQ7q0yuPVNOpovl6jZuNVoZWePr41A4OBj++FVtp3zWUKyiPWuoK3WxjNOtmxO1ZfLZpZoRBtXerPmFxJCMlMjrcM8PvU8e0I3iikCv876FxxNGmS0ENVKhD7YtY9Od8dQyNKE9uP0pUal8F0WLyMT27xsMhhis5aTNaTxSt/AbdS+KHlWj1UC2nEsd6GPCK4Gh/A9hoQfAZrkK7ZtReWhKY3i9ZCKn2I1/tK3F1a2txK0R3dwRjSG82dQOHhVLY1y0loYZP8AEgOg+XZRHovtE7E6S7lmxZbUXcvkDCSfgbiCOfDiCOsaHapaZZjzzxeUC5cvoj3d/BNbJKNOZkwjZ7A4yufWitx0kvpn2funQ3EUOmZbqzEke9Q8HVuH1DjwbhitBseeCO6l2fdXEdxr6rwy3FrJg9xVFQ+hB9K62p0P2QIXlsrIwyLx0QzSop8lQ4H+0+VRY+y+1l0urjmcXmjdfDH7ThhvZ1vgCrXeqTUHJeGUHEkeruBwRnmDy4UOhS7y6LJHIQc6ZAVP3H7Ci3/QJpJt5YyxXEiHHzjl1PLjJEDn/UimuNoWF/s2UNfWjRgLkyRvvEA7zjiPMgVVOM07ovhDo88VHJ7/AA6AsJaOV4pFKtgHGc+H5Yqnt9v+3n/On/sKI3s0Mu7mhlRwDjKHI4nHMeefShm1Y5Li3EUakksDnuxxp8bumZeowLA3CLtcEGzyklvd3APWIKFe7Ax+lLZj/NsQey2JH3FNDaXETzFdIWVMFSTwOKljtCgtiHxJCCoIHMHsNXWjNvRBtfQLlQqjGjs8zSqWXZscmn5ki6RjAHjnu8aapaA0EA1Vdpw/EWzr28wfGpQ1IsMVUWP0B7G53VzDcH6ZflS+DCiu04Bc2rx/i7POg91CFuJoOSTjUngwols+639qrPneL1X8xTvW0Ivgetum97d2kIlt7mWaJRHKy3iorMo56DGeJ8a09h/+ibLlj+G2xaXcCsul5HjEqMORzpGf+NeYq3we0u0RXHA+DdlEic81z50XJkUT0jZnSDo5EDJc7Ys3kViIzJOXIHYeLMR5cMdwowm0dm7ai17Kv7W5ngOtRHIrFT4jBx54rx7SvYi/aojAolWaLXFMhyskbaWXyI4ipYe09X6UbLtNq7OjmaBIZW4CYqI2QkcMkgMRkDh215iSRlXUqw4FSORHZUw2xtxIt2m1JGj1ajHJHGVY5zx6uT55zUFxPNdTyXEyRq8hywizpzjieJJ4kZ9aDoibGzS1Vx1u73pDV/L71A2dZpU3X/lH3pqlAOBjuroVTE7eFPvm/mNANnO1IS8WuP8AxIzqUjwqGxcpciRFO4uFycfhYVMZCeZNINRT0LzZLfQLcw6NQU8we41OkgCASOpcDiRyJqlqpaqgS8Zk/mFN8RGO0/aqJaudVQll74qLvP2pfFx/1faq9pb3FxKFtYWkcEcAuRR2Ho2I2D7VuFg1nKwQjU7eAA/SklOMfbGjGUvQKW6RmCqrMx5ADiaM2uypXQS3RFrETgGUdZvJRxNH9m7JMQHwVsllGecsoDzN6cl9ftRSzs4Ld3lCl5icGaQ6nPr+1UyzPjRYsa52C7fo/aiIfIkfPHVJJoP2pUcL0qq7n9H/AMPGgaWTT0q3mUWTSzSpUAj5ps0qVEAhyrS9GdjWd8N5cq7YP05wKVKqczahotxpOWw9dObXaMOzbMLbwuBlolAf79lHLWwtrLUYIxrP1SMdTN5k01Ksq/ai5+yxmocnL/5jT0qgDgmlSpVCH//Z","The total consideration will also include an amount to support settlement of operational cash deficits to closing, said Rickmers Trust Management in an update ...","Rickmers Maritime gets nod to sell remaining nine vessels for US$54m. The total consideration will also include an amount to support settlement of operational cash deficits to closing, said Rickmers Trust Management in an update ...",0.0,0.0,0.0,Rickmers Maritime,,Rickmers Maritime gets nod to sell remaining nine vessels for US$54m
10,6,-5,rickmers_trust_00005,2017-05-15,Updated: Disgruntled Rickmers Maritime bondholder seeks to block ...,disgruntled rickmers maritime bondholder seeks block fleet sale to navios partners.html,Seatrade Maritime News,en,0.2423867676611532,0.2786069651741293,http://www.seatrade-maritime.com/news/asia/disgruntled-rickmers-maritime-bondholder-seeks-block-fleet-sale-to-navios-partners.html,"data:image/jpeg;base64,/9j/4AAQSkZJRgABAQAAAQABAAD/2wCEAAkGBwgHBgkIBwgKCgkLDRYPDQwMDRsUFRAWIB0iIiAdHx8kKDQsJCYxJx8fLT0tMTU3Ojo6Iys/RD84QzQ5OjcBCgoKDQwNGg8PGjclHyU3Nzc3Nzc3Nzc3Nzc3Nzc3Nzc3Nzc3Nzc3Nzc3Nzc3Nzc3Nzc3Nzc3Nzc3Nzc3Nzc3N//AABEIAGQAZAMBIgACEQEDEQH/xAAbAAABBQEBAAAAAAAAAAAAAAAEAAIFBgcDAf/EAD4QAAEDAwEEBwQIAwkAAAAAAAEAAgMEESEFEjFBcQYTIlFhgZEyUqGxBxRCYnLB0fAjguEVNENEY3Oi0vH/xAAZAQACAwEAAAAAAAAAAAAAAAABAwACBAX/xAAfEQADAAEEAwEAAAAAAAAAAAAAAQIRAxIhMRNBUWH/2gAMAwEAAhEDEQA/AKjhPaRYZTbYyfl+ie1uOHouKdseCCLL04G8pojuL2Fk9oaBlpz95Ag0NzvsF6GXJcE8gbze/NesaHHAdcmw35+ChC+fR5RdXQz1bxcyv2Gn7rf6n4K2uFghtHoxQ6ZTU3GOMB34uPxuiZDZpT0sIwW81kGeS5vaDc9/D8kwXO4Ecj+l10IBy3PiLH4hMda93W8z+oRK4BdR1GDTKGarqnnq4m3LcXcdwA5kgeaxzWuktdXV7qh07mPe0tBZ/hsOCG/LxVz+liqkh0amhY6zZJtpwvwAxxPeslgm2Xl55punCayTOOCZ+qxGxdK1l/sus4+ZPHlhJCRSMc3alDXOcbm4uvEeRnBYMWAtZPA3G3klFeNwfG8tcNxFxZOjAG5YjZk9F/dPNOcScluOa9wcnilsgDfgeKARNOd1hyUz0VpPruuU0ZF2Md1jsYs3PzsPNQ2CN7fM581e/o4orRVVa4e0REw+G8/l6IzOWL1KxLLlZc5n7JH53t6rtZcZGEuuLW3e2QU8wg1TPHHE+aV7GxxtL3OwQB396zbpH0zq6mV0GmOkp6UG2227XyfHsjwH9EX9IuuTGs/smF56qMNdNkdpxyBytb1VHLgR3gqYGxOQPWHCSFzpXnrL37RuSVH6VptVqUmxBE4gm9wLnHcOKmm6FPrFRG2ElsbATI9xADW8SScBddXqaPTCyDTpdox4MjBYX8PDmmzqYW2eyOM1muiOk0lrSBHXMOMgsILT3HK9UbPXve/aJNyM5STFN/Sm+C5Ma07rEeFk4NANzZc2Nze//JdwCBa4A8SuezceWaRYkXS6tnCxXTcLbzzSuRwItvuSgTJzLGt34C17o5Rf2fotLTltnhm08feOT81m/R6jGo6vS05AcwybTxv7IyfktaTtNezNr10jw4FzuQ42nAuG3/I8OB9V3c7ZaXWJtwAuVGanqlFRYe0S1JG0yBo7ZHE59kfeNh4pjELkyXpuXP6UV0jA60rxbHdYfkhH0NVSUQrZHRx9nbbBILmQeHhv344KV1bVKOkqZJo2x1FW5xIPtRx34C/tnxOOe9VTUKmqrnumqZHu2jd2065Pie9BZp8dD1wh1dr0r6UxU5EUTnF2w3Aaf3uVbmmdISSSjZoy5zWlrSzgRwRDdPhABcx4aftDtj4ZHotMTMdCLdW+SEISU2YqVnZE0R5mySv5Pwr4v0tUbM8fMBENjvcZHkvI2Agf9V3YCL2Iv4sXKOkJrG8Rf98k3YvnK7hr3Hz5J5jFsj1QAWf6PaI9ZU1sjfZAiZ8z+SuVRNDTQumqZWRRMy5zzYDzVP0/XafS9Og07TYvruoubtyRsNmRE57buFu7w4Ks61r563brallfVt9kNb/Ag/A37R8T8VoT2rBlqXdZLTrfSu8N6N7qWmJxUvb/ABJf9uM8PvOsPAqjzVtbrdS6i0uKR3WG8hLiS77z3cfkOCdo+i6r0sq3VDjKKW/8SocMu8Bc5K07R9JotFpfq9AJIRjac9mXnvJsjtzyyOlPCM81XoNUUOnsqYZ46qYXMzWG9vw8lT6gC5DgbjGeC3uYxSNAeaeYcb7+PNZv0r0CCWaSengdGeOwb/BPhZFbmZ11TWuOTYroGPjF4ZLg7wHWPoi6nSqumN3ML2nc4D8kKSRgg34ghMxgGUcXTS37Tn35XSXQ7HED0SUIXSMfu6LjFwLkeu5NgGLXb+/ND1OqhrjDQNbNKMbe9rf1XNxk3thVTUxUse3PJsgezgEu5DigJJpqpgkqZfqdEcNFryS8lHyzRwSGed/1mp99x7LeQUXLV1Wp1Yiha6eeQ4a3f/4PQJs6ZSqwS1drbIqY0lBG2npftNGTJ4uPH5eCsPQ7oLUamY6/XQ+Gk9plPudLz90fHkovR9BfpksdbUSsNXGdpoLGvY08nDJ8VYpenGqwYmZSTjvAMZ+ZCZO3pCq3ejQoxT0cDIYWsiiYLNY0WACDqdTYy4aVnx6dsnfsy08sfeWkPH5H4KToNc0eftTV4iP+sxzB6kWTdqE4ZNVEzqo5jBB94XQx0rrDfaeOTipjThSVTA+kqIZ298Ugd8lIiADFlM46AV+DR9qEscWvHc9l/lZR9b0Np57u6mPaPFn9VcmsDV6UN7QMIzV/QSDav1MmeGyDZeLR0kfJRMIwmorZqppEhdHT+4N7uaFqK5kURY3ss90ceajqnUGgkRC/3ihIZozJ1lS18gBwwGwPM93JVnSNFavwltM0+r1yoLY3Nip2ntzSYA5d58FbYDpHRyldFHPEZiO1ITd7/TmqbNr+oTtEMLvq8IFmxwNDQB5JtLp1RVP2n9YSTnFyUaX3oom30S2odJHTktpmggbnEIFkdTVHamfg8BhTdBoDg0EscObbKVj09kAsbk+DUl6iXEjpj6V6ChLLbso2OEN3WBHHcVJvY5o7GB+FCSA5uB6JLtsckgSSCJ7g57GOc3IcRcjzRtLqup0f921KqjHu9eXN9HXCEkuTYEei5OHeAUVT+k2y/RZYOmuuQjty01QO6WIA+rSPkpCn+kOT/N6VjvgnufRwHzVGxx2R5pjpGjF2+TldajKvRlmmR9PNJewGSOsidxY6G9vMEhJZcXtJ3leq29lPBP0qbBtk7SJp4WPkAIwkktddGSey2aJpVLKW7QdvHFaJo+hUDaVsgjdtC/2sJJLBTbo1PhD6mkiibdgcP5iomqhb3u9Ukktl5I6WNoHH1QMjW2OPiUkkC4MWtJI2RhByPtfsMvffZepK6Ccw8+630TXvcDjCSSsT0c+td4eiSSSJD//Z","... the trustee-manager as to this matter and the injunction application was completely unanticipated by the trust,” Rickmers Trust Management told the Singapore ...","disgruntled rickmers maritime bondholder seeks block fleet sale to navios partners.html. ... the trustee-manager as to this matter and the injunction application was completely unanticipated by the trust,” Rickmers Trust Management told the Singapore ...",-0.5,0.5,-0.5,,,Updated: Disgruntled Rickmers Maritime bondholder seeks to block ...
11,9,-6,rickmers_trust_00008,2017-07-11,Company Briefs: Sembcorp Industries,Company Briefs: Sembcorp Industries,The Straits Times,en,0.15870562168289795,0.1824212271973466,https://www.straitstimes.com/business/companies-markets/company-briefs-sembcorp-industries-2,"data:image/jpeg;base64,/9j/4AAQSkZJRgABAQAAAQABAAD/2wCEAAkGBwgHBgkIBwgKCgkLDRYPDQwMDRsUFRAWIB0iIiAdHx8kKDQsJCYxJx8fLT0tMTU3Ojo6Iys/RD84QzQ5OjcBCgoKDQwNGg8PGjclHyU3Nzc3Nzc3Nzc3Nzc3Nzc3Nzc3Nzc3Nzc3Nzc3Nzc3Nzc3Nzc3Nzc3Nzc3Nzc3Nzc3N//AABEIAGQAZAMBIgACEQEDEQH/xAAbAAACAwEBAQAAAAAAAAAAAAAEBQADBgIBB//EADkQAAIBAwIEBAMHAwIHAAAAAAECAwAEEQUSITFBUQYTInFhgZEUMkJSscHRByOhFaIWM0NTYnKC/8QAGAEAAwEBAAAAAAAAAAAAAAAAAQIEAwD/xAAmEQACAgEDAwQDAQAAAAAAAAAAAQIRAxIhMRNBUQQiMnEjM2EU/9oADAMBAAIRAxEAPwCvU9VGfIgJC8nkH6ZrvR79oztYFkXrzK0pklChIIYswHr1c96j2lxaXDy2pIdMbuxz0NQSnLXqsw1O7Po9pPDd27RTqrxuMHsRWA1f+konvnuLXU5fsbHPlv6nT5mmmj6rvHoG2Qf8yI/tWv07UEkVSCdvIk9D2NVY8in9msZJnz6D+nvh7TU83UHlkVebSNhR71qLTSdC0mya9tbKBI40L+YignHfNTxb/T638UOJrbULi0mP34wxMbj2rqMab4N0mDTtUvAkaJt3TtxetkMTwt4p03xH5w04ybocb1dccDyNaXarREONydu1Yiw8Z+D7SZotP9LOfUYbcnP0FbHTNQtb6LzLZm2no6FT9DRRxRLAUPDivQ1UYx2prJ5YQqo3A0O0PDcvEH/FEAvaIHpVLw/CmJSq2joUAVmHjyqUcYhmpXUcZCLSJ7OJx5wILZV1/COpoWa7Dr5NuT5X4mPNz3NNbLUA7Z/28mH80b/pdjqLeYB5cnMlBjPuKiy+nlVQElC17TNx2UkiNOh2FCMN1Pt3ppYamyECTCzDhvPJx8RR11YXsFhLhRmNs7ouOU+Hal0MYvYWMuAEPqmbljt8TU2lwaSMKcXSNfpGpozBGYIeqE/oaO1XTdO8QRC11myjuIByLD1Kfga+fxi5tVWTaZIHPp3cOXanula7ICELbl/7bnB+RqnH6ntM1jm7Mf6b4a0nSQV0y0t1UdkG760j8SweI7y+gg02a2tLEMrSSEHzDg8RitNp13BcEAMUk/K3A06REkXy50V1PcVXGSktjZNPgzqHAzz71fGfxLjNGX+lKhVrV8DqpoWOJkY7iCOlNYTh4vMRnjUjb95e1CMKaqwTivA0LPEjgsoCN26H+KFgF5HGvK6cENgjFeUbAfMoXnhHFfOiHI5wR86d6fqgVuDB3XkJODD2NWzaVcW9mYIfLdnYFSGGcdSc8uNBJpNy7YljCj82QT/itLTJ2pxexrLbW7dVAkYxOej8j869MVvekFo4mjByAvAZ+VYk2t5GjGN3WINtAmXG75NRVvd3FqV3xFX/ADxEqfpSvGpB6tfJGtvdGS4t4o4p2QoSwEgyDmhz4fYIAy5VF3NKp3bj2CjjVena6TCMyCQ/kcbW+vWmkGrWkjqGcxf+/L61PP0sW7D+OT/oqQXFmMn+9CDwHUex6VotO1ySGEbyZIwPuOcOtGJ5FzERLHHKrjBbqR7jjQdzoUD4NrK0RP4X9QPzqWWHLjdw3B05x3iS51u3nIMM4DH8JOCK6guZJMBwJFHccaxviDw9qcEvmPaSSRD/AKsHrA98cR8640/V7yx2xhjKg/A9GPqa/Yhlma+SPoEbRv6YyVb8r/zXckJZCAOP5W60kstctLkKXcQyctr8PoaYnUmReBDjpuGaojNS3izZSUuAKUTI5CMAP/Jc1KvTVDg7YyBn8L4FSjYxgp9cFtqNtYTQyNd3OSqxEMEUdWJxjr3omPVrNLq3tp3aK4uC3lxshy2OfKluk6TPbaje6pqEkc9xOdsZiJISP8oz1/iljW+qCbV/EEsMkd5BGIrCHYHwvU4Gef7mtqVin0TTbqKZW8mVXVWKsA2cEdD/ABR0sFnLGUltIGU8ceWBx78KxvhIW9tZBrdCLy6Vbm5R5CWDMObZ5deHw96r0+9uZf6gXsHnTGBLQMYi527vRx28upopc0c6NfLoekzLnyHjPdJP5zQ3/DlvFEVgvJj1AmXd8s5/alWk6zf6r4gv4rR0Gm2ihCWTO+X4Htzz7DvRVrr08/iN9Ijiin+zxBri4DFAj/lxx+HXv2pvcjN44PsMrbRtQgG60mjJ7q+39RTCGbWLc4uLIyqObKQf0zQ2na7BdTT28SuZ7YAXCjBWNjnC7up4dK7l1KIrEzMV804QFSCT2xzpXJ8NAWKviw+bVhGo3JcQ56tGR/kcKGkura7YeZ5Ew6ggNVdvrVuyOlveRMpbY2yQHj2965kunLZ3lsjAzxrKSXdGiXk8u9H0W7iJ8l4H7wNjPyORSaPw3dQuw07WCB0jni9J9yCf0p79rJ27ljOO6DjXq3UAX1RLu7g4rF4oc0DpxEv2XxBF6G0+Kcj8cN0oU/JuNe03N7Dnip+tSup+Rqfk+bW99HJCFlWNJ1x5kay8QfkTTC2uiYnYSzxrkDMi5z7Zwe1YGxmubmSC2/1jfNJw2CVjx+Q5Y7noa1pHkRpa24YooI3BgpY9c/Hr86scaXIqk7HsV6zYxLC/DrkHFdwW1ss093HZKtxMhV5oHw7jhzI9hSKMt6g6t7vGPjkcK7glZHaTK/8AzIyZJ6YPzpfoJodFis9Js2tLNZIFLF/7ilvUe+eJ5Dma40PTY9JgvDBcx3V5cSGQyyencccAcZ4Zzy70HHNMM+XK6/F+IIOOxrpr6aFGe4SF0X8o9R7YGOJ+FFyYS/UtEebVbbUNJb7Dc+YDdTLJwkTqCo+8eXPFG+JL64sNKuZrSOaW4KlYlhjZ8E9TgdOdIU1ub7RGj6XKsT4/vQzBgue4FO0uDj0yyD3IOKGrVRzVci7TIYPDfhDzr0Idqidw5+9KeKj3B2j5UL4X06RNFe4uAftWps0rMOBCnjw/X3IopPFmnyDZ9qDKSRmSFsH6Zq+LW9MkdZI5bEuqlVYOFIU9BnpyppKdO0DbyZ/QdcurTwfc3VxNLJLFI6pJKxYk8MAE8+P0qy713VNO8OWU88gm1G7ddiugHA8cYGOmPmab39ppup2cdrNbt9njOUSGTCg+w51VfWVld6naX9zLKHtc+XGVGz9OfI8+lI2gnbXzrhXng8xQBIB0bHHrXtcTz75CUvoox28rP141KyCZDwpFItub24ihjd/TEETHp6n501udSitgDIIsk824caT31/eRKsel2SzIowrK6kAdMKDms5f6lqzqy3ltMp4+oxMoGela5HJggo9zf6LqceoxSNsKGN9pIOQfampWKXGWHw3CsZ4T1a3ubY20cQieIBm45DZ65rQQyyNuYM57bcMMexox43OfOwVPEqcY4PNJ/I+396Qa5qeqRxGKHT5UUYIcIzHgabSTYAf0jJ4AgrXkMjMxfzNp3ZIV8g0so33GjNJU0KdD1CJH3Xcao4GEZUC4zzzTDxJrEdnpePNCtcnYpH5fxH6frRUkgkO1gr56HBrB+NLv7Rfi3iAWO1XYFXgM9eFCFwDOUZLbktN5byYKyQtwxnaUI+lcs6EZVgGPAYlyB8iKVabZiexmuWuI0WIfdPMntV1nerZ7nbypG28UdA/61R/oZloDAcMzRtKozwITP6VBqF9EMxX8qMv3lMjfvQD3sM1wCAkW77xQbQPYCiruCOOwe7W4kOPzD7xPSl6qYaLW8Q6rGdpvNx7lFP7VKz4mZ+KqT7VKXVE6maGGUxttULgcOIplbXEqkFJGXPZjUqVX3JGRtSnhm3qIyx4EmMcaaaZqMsz4aOIHuoI/evalLkiqHxybYdPO6jhihGk3/ejQ5+FSpUrKADU7uS0s7uWAKrxx+k45VgLpmDq24lmG4kniTUqUrGLLf1ROxJ/CcA8OdDTymSVmIA48gKlSuOOAx4+1H6lIwtbSLPo2bsfGpUrjizTjtthgDiSeNSpUoHH/2Q==",Sembcorp Industries said it has added two operating rooftop solar facilities in Singapore to its global renewable energy portfolio. Through its wholly owned ...,Company Briefs: Sembcorp Industries. Sembcorp Industries said it has added two operating rooftop solar facilities in Singapore to its global renewable energy portfolio. Through its wholly owned ...,0.20000000298023224,0.699999988079071,0.20000000298023224,Sembcorp Industries,,Company Briefs: Sembcorp Industries
12,12,-7,rickmers_trust_00012,2018-05-16,Navios Maritime Containers plans US listing,Navios Maritime Containers plans US listing,Splash 247,en,0.08263185261175675,0.09497964721845316,https://splash247.com/navios-maritime-containers-plans-us-listing/,"data:image/jpeg;base64,/9j/4AAQSkZJRgABAQAAAQABAAD/2wCEAAkGBwgHBgkIBwgKCgkLDRYPDQwMDRsUFRAWIB0iIiAdHx8kKDQsJCYxJx8fLT0tMTU3Ojo6Iys/RD84QzQ5OjcBCgoKDQwNGg8PGjclHyU3Nzc3Nzc3Nzc3Nzc3Nzc3Nzc3Nzc3Nzc3Nzc3Nzc3Nzc3Nzc3Nzc3Nzc3Nzc3Nzc3N//AABEIAGQAZAMBIgACEQEDEQH/xAAbAAACAwEBAQAAAAAAAAAAAAAAAgEEBQMGB//EADEQAAEEAQMCBAQGAgMAAAAAAAEAAgMRBAUSITFBEyJRYQZxgZEUFTKhsfDB0TNCUv/EABkBAAMBAQEAAAAAAAAAAAAAAAABAwIEBf/EACIRAAICAQMFAQEAAAAAAAAAAAABAhEhAxIxBBMyQVJRIv/aAAwDAQACEQMRAD8Aa0WltRa6zyhrRaW1F+iBDoJSWotAWPai0totADWotLai+aKAGv7J4ml8gDRyuQuht5JNAeq1WeHhQWaMp68IGdRAKFkAqFny5W924F33QmOyvaLSWi/dZszY1otLai0WFj2otITyi7RYh7Ublz3cqTzJt+6AHvzcK7p2m5Gc+RsUb7btPIoUe9rPaSXkjvwF7/4U1RkOA6HV9pMdNje1gsMA6Ej0WZNpFtGG90YORpf5VgxOycOZ2XK58bNtuG6jtuunb/Krfk+bkEzU2KEgO3zvrbfO0jrfbovomJn6PqcD34OosLC8xFzZyPOaFC+/Pbuvm/xP8RZGlTY8emtecYSMa52Q8bnEggkmu1N5Pqpxc3dHT2YWr4N/C+GMWXGY9zJnucLJfKIvsCOiF8zyfivWZ5PFx8SLa4WfFDnG/nY7UhFS+imzT+TZvhRaW0Kp5g1qLUWlJQA5PHv6oabIHZKzIgjeBKx0hPYOr+ev0W5p2TgRyhzW+HKfKN8VVf8AfVJui+n08pq/RiMcHOJ7BSza5/nftB6u2k0PkFqaprmjYr3OkkbnZL/0RtG80ezR/v8AdVsn4lwI8KPHa4bb82OG0d1XRY2rIv8A7UPfssuTSyVj0qcubRoA6EYxi4mMMvxaByJ5HAM9bAA2gfL6q/P8Hac/Ac/JzDBGKL5Qbiq+gYd24fMryeJk4+omOXLz2YM0znNjg2/qaCf/ACaBoXVfwq2t5LcSLJgi1YzmZu1+0HggXyQdrT+/RZjBydpnXJxhHalRR+KMica3EMPUJcrGxjG+EiothBvhu7g2ByKRrGoS63j5MmPFI1sY3teBZc5o4H1I+a801sXiNlzCa2Cgerj9fknl1nIGMcTEPhQXZHf79uyuoeiLnefZXlL3kGR7i6udw9/khUnPDnEveXOPUnlCdQFk+m+/7Jo2SSvEcTHPeejWiyVa/K8wBrpI2sDjQDnAH7K1Ho2SceWOB73yTs2eUbR+ofUjg9qUd6o5Y9PqP0ZgYGkmeSOFgdsc+RwaA7056n2W1+T4cLfHypZ5MVgG90YaNzj2HPPpQXHP1CHGlg0wT40uNGx3i4MRLi4iq3EAA9DdnknlYs+Hqupa02aGSSPwmlkr8SKosdnUbS6gSaAr370s7rydMNGMcTWT0mpQx/hz+C0WZ24g+DFN3ANFxv8AhUYtA1GcunldixTSkmHGjcXAcc2QfMb7Nv6LAy/irJxCceIxxyEhgEp8RwHHLnNG2zzxysbTPiTXo8jI8DKlkdlsDZC83w26+Q5PHTlHbcc/p0dxNUlVGp8XY8+lwwY8kbIp3Eh3hODi9tdHEd/Zee0+S2vBAHm6f35LhnPmlnMmbNZYdvmN3R7D0/ZVXZpbuZigtBde49VvsCWvlYNPIzJhjOhkmbHE9xdxGLcLuulnnnqVUy9VfNI44zGwtJJ8gq/os5728FxLnXzz1XbDgmyJLEJfGDyOg+qomoqiM3ncziSXuNXI89h3VyDSsrIcDNTGdeeVv4eFHHyyENJ4NBXPCA9FKU2zmes34mVFpmPGwNEbXe5FoWp4bf6ELNshb/T1zcyTHz3Y84hyau5IZTyPqPZUtf8Ai/HwWnF/BSESM84LPIAfX16hVM/U9H0YkY2G0zz8s8TdLJ19XE0Oe5v2XkNWz26ttkc1kYjJa2R1DcKHFevHYJRbkuP5Pa1Hs58jU0X4gfhRFh0yDfMS+IQu2j2BHPHHHU/JGsZeqS4ZfqBYIJH7Pw7TtrvfWz+kXuXn9N1Yadlx5BG/a0gsbQBsUuGZq82VlSZAa1jn8ADowegtU2PduJOdxcSxku37HZL2Rsby2Nrasfyqz83aT+Gb4diib5VLxjvDtxLgrWFp+VmupgEbO733Q/ytXFEnSVPBXc/m3kucrmmaTnatJsxo/KOS5xpoXocXQtMwpwS/8cAzrKHRt3fIWT9Vea8Abbpg6Rx+VrfZYlqNkpayWEZY+GcbHeGPnE8gFv2Otrfr3WlHDFDEGR9PRraAUtbffj0XUALFnO5uQg59/mU21OFN8IMnPahPaExHk9f16LU8mOXHxTA2MU23cn5rDMhNAuJr7K7FpOVKfO0NHqStCDQ4x/yOLj7Jp1wd89eC5dmE1rnuDW9T26q/BpM8rhuaWj1K3sfBhgFRxgK81iTkc8upb8TIxdGhjIc5znOH2WnFC1vquwYna1IhKTlyKGccKWt5XSkAIES0UnCUKbTAa1FqCoQBKlQhAFBrRt6JmtACELImS0c2uwCEJgMpCEIGShCEAT0QpQmBCO6EJACEITA//9k=",Angeiki Frangou's Navios Maritime Containers has submitted a confidential draft registration statement to the US Securities and Exchange Commission ...,Navios Maritime Containers plans US listing. Angeiki Frangou's Navios Maritime Containers has submitted a confidential draft registration statement to the US Securities and Exchange Commission ...,0.0,0.0,0.0,Navios Maritime Containers|US Securities and Exchange Commission,Angeiki Frangou,Navios Maritime Containers plans US listing
13,13,-8,rickmers_trust_00013,2017-08-07,Navios Maritime Completes Acquisition of 14 Container Vessels,Navios Maritime Completes Acquisition of 14 Container Vessels,MarineLink,en,0.06774785431522913,0.0778715120051914,https://www.marinelink.com/news/acquisition-completes428114,"data:image/jpeg;base64,/9j/4AAQSkZJRgABAQAAAQABAAD/2wCEAAkGBwgHBgkIBwgKCgkLDRYPDQwMDRsUFRAWIB0iIiAdHx8kKDQsJCYxJx8fLT0tMTU3Ojo6Iys/RD84QzQ5OjcBCgoKDQwNGg8PGjclHyU3Nzc3Nzc3Nzc3Nzc3Nzc3Nzc3Nzc3Nzc3Nzc3Nzc3Nzc3Nzc3Nzc3Nzc3Nzc3Nzc3N//AABEIAGQAZAMBIgACEQEDEQH/xAAcAAABBQEBAQAAAAAAAAAAAAAAAQIDBQYEBwj/xAA8EAABBAECAgYHBQYHAAAAAAABAAIDEQQSITFRBRMiQWGRBhRScYGhsRUjMkLRQ2JygsHwFjNTg7LC4f/EABkBAQEBAQEBAAAAAAAAAAAAAAACAQMFBP/EACIRAQACAQQCAgMAAAAAAAAAAAABEQIDEhNRIUFSYQQUMf/aAAwDAQACEQMRAD8AsgUupQ70lBX0W5pdSNSjSaqQdMUz43amPLT4Lsh6VnYR1lPb5FVeq0upY22mx86GdoIeGn2SV0alkQ5Tx5czBTZXgfxKZxbuajUi1nPtDIP7UpBnZANiQ+5NpuaTUmGZgNFwtUrc7WPvSQfEp7Z43nsuCbS10HIVW2VzRQcUJRbOa+aUvTPV8j/TKVsE97xuVJo9r0uoHuUgxH1tQ95SjDf7QS20iB2RrXQ3DOnc2fel9VI/Zg/zJZTn1AAFLdKZ+PIW0I69xCYcWQ8Gn4kJZRmpKHJ4xJa/D80DFmv8HzWWUaHBO1JwxJfY+if6m+rL2g8illGieQCg9yE/1KXuc1CWU6KQmAlwcQa0tv42B/VJqJ4KbUlpFKOyi3JYlpFeKjtyLKCT3ovxUVlFlBNaL8VFaEE4Pil1eKgtKCsE2pIowUIMk/0lyIZ3sOO1rCKIPEjiP6Jcf0kkvtsjcOFtPFc3TjI5ukJJQ9tUGk+IFKnL2sIAb5FRul6GOjpTjFtlB6Q4b9Ql+5I4arIPkCnO6exa+50ynkC4H5tWMM41HsnikEw5HzW3PSZ/H0/WTbHp3EYKmdofW7S1/P8AhTZOn8fRqh0v8DqB+bVjPWP3aQZzyS56Z+vp/JtG+kODtrMgNcBGU5vTmE6t5ACe9tfVYkTnkpvXperhZsRCSWCu8mz70uTg0+2rPpBjb6Ysjbm1o/7KRvTeMY9XVy6hxYKJrnypZA5szutJd/mm3iuJu/qlbmTAEtdWpmh23FvL5Jcs4NPtqJemyGh0bWU666yx9Dul+34WABzHvPNjNvm4LLHJlexjHOtrAQ0crNoMhpum7re+aXJxafctP/iFn5YzX70W/wDzQsv1j/BKlycWn9ufpW4OkJmSUTrJBbuCLXGZ28BfBXefg3O95IFkndcgZFjStkkMb2scNQFHxS8fblzZRDmyLhkAe1zA9upuocQe8eCY1zT3nyVrmZPR+c6NmG6QvaDqL67IGwCSPCi75G8L4peLY1p6VwrmfJOoeKspMbHjZqMg8PErgxs6KZ/VMO73UX0TXIGuKjLKIk5p6NAHIqSOJ0jqjjc53cGiyrKDFDomSNY4teL7JBC6o8Rhc09tpabBaaIPwVxMScuSkEZ37B2ThG+vwq/+z45JjM50zpDxLnk381MMJoP/AInhPLkzoif7KkbA8/lWhGIPBO9VCeGcmTP+qv8AZKVaMY+yRLhnJl2z/S2Q15kijkHWj8u1j+ysthSzS5dT3p/C8GwCOH6+SuciKFznZWC4SyFtGAbHVq3JH19y6Wa8nDIGMeteAL46CLNHwsHmuNWhk44nxZsvVOogmtVbc/jas8zpKWmOL3Qx7dYzT2a7vkuYMlblyOfjOLxKXSNfYGs3Qr4LqndI3La7NYHtldTA5m10R5doi+SUOd3Skj4GP3Eb/wAJO1cbs/BXvozjwZjHvJNtrSA7k67HxCoMwTNaWOxQ1r3GwI+AbXka2PgunorK6nGPqsZc/X2XWQX3XZU1Q3rGBg0saALugKCe1o5DyVJ6OZsueHumc5xjAa69qdZsK+C7Y+QoCeGpoUjCLFjbvHNUOluGera95IDm6gA27F1tzSPhjjOlwnLuXVH6r0Tok4cuBCyAAwkdlrm8O+qU8vRmG4X6tEDzDQPopmWvM+rj5Tj/AGz+iF6OcDFbQMdfzn9UKbPD5Xgz5mPYRpL+Bebsje7Wv+0JoHwsYGHVJocSNyKvzQhQKP0xyXszYXMDRqjjmcK2c6y2z7gFySM9TzwyJzy0NYae67DmgEHwooQryBiekOe4BjjG4NeR2m3YNA7HbgaWlxwMtuOHNbEA6yIgBZdQJPwJQhGSsujQIcgxRNDWOjMjgO8lyswTVpEK4ZJ4K7+hYGZefHFMCWEOJrwBKEIyP69BDWY3R0LI2N0MDaa7fvpOxGmXGbM2SSNxFkMea8jaEKPTp6I3IkbYcdZvi4b/ACSoQpH/2Q==","The purchase of the ships came in the aftermath of the decision of Rickmers Trust Management, the trustee-manager of Rickmers Maritime, to wind up its ...","Navios Maritime Completes Acquisition of 14 Container Vessels. The purchase of the ships came in the aftermath of the decision of Rickmers Trust Management, the trustee-manager of Rickmers Maritime, to wind up its ...",0.30000001192092896,0.6000000238418579,0.30000001192092896,Navios Maritime Completes Acquisition of 14 Container Vessels|Rickmers Maritime,,Navios Maritime Completes Acquisition of 14 Container Vessels
14,14,-9,rickmers_trust_00017,2017-01-02,Vessel Scrapping In 2016: Record Year For Container Ships,Vessel Scrapping In 2016: Record Year For Container Ships,Hellenic Shipping News Worldwide,en,0.019237045052472444,0.02211166390270864,https://www.hellenicshippingnews.com/vessel-scrapping-in-2016-record-year-for-container-ships/,,"In December, Rickmers Trust Management (B1ZU) decided to recycle the 2009-built, 4,250 teu India Rickmers as part of its debt settlement with Commerzbank, ...","Vessel Scrapping In 2016: Record Year For Container Ships. In December, Rickmers Trust Management (B1ZU) decided to recycle the 2009-built, 4,250 teu India Rickmers as part of its debt settlement with Commerzbank, ...",0.10000000149011612,0.30000001192092896,0.10000000149011612,B1ZU|Commerzbank,Rickmers,Vessel Scrapping In 2016: Record Year For Container Ships
15,15,-10,rickmers_trust_00019,2017-12-04,Hanseatic Lloyd verkauft alle Schiffe an Navios,Hanseatic Lloyd verkauft alle Schiffe an Navios,Hansa International Maritime Journal,en,0.0,0.0,https://www.hansa-online.de/2017/12/featured/89110/hanseatic-lloyd-verkauft-alle-schiffe-an-navios/,"data:image/jpeg;base64,/9j/4AAQSkZJRgABAQAAAQABAAD/2wCEAAkGBwgHBgkIBwgKCgkLDRYPDQwMDRsUFRAWIB0iIiAdHx8kKDQsJCYxJx8fLT0tMTU3Ojo6Iys/RD84QzQ5OjcBCgoKDQwNGg8PGjclHyU3Nzc3Nzc3Nzc3Nzc3Nzc3Nzc3Nzc3Nzc3Nzc3Nzc3Nzc3Nzc3Nzc3Nzc3Nzc3Nzc3N//AABEIAGQAZAMBIgACEQEDEQH/xAAbAAABBQEBAAAAAAAAAAAAAAAEAAEDBQYCB//EAEIQAAEDAgQDAwgGBwkBAAAAAAEAAgMEEQUSITETQVEGImEUQoGRobHB0gcjMmJx0SQzU1SCkuElQ1Jyg5Sz8PEV/8QAGQEAAwEBAQAAAAAAAAAAAAAAAQIDAAQF/8QAHBEBAAMBAQEBAQAAAAAAAAAAAAECESESMUFR/9oADAMBAAIRAxEAPwDQ9t6cytww5y1rI5i63+dnyrIRmKWvcY3NJbETp6B8VuO1P1lXQxusRke2xGhGYKjnw2kgbPLBSwxSZQzMxgBsXDRQmy3nZNWtbHhtV3QLtaDYeKrKZkWVjS0aMG/4lXOLQf2W8FxGZwBI9CEhwumJHF4nEa0NLmvIvZaLQ3mdR8OEN29qssMs2M8P7NlWz0EYdljllH8St6WjNBExj3uc929zsLf+IxPSzHEczSCUM8FWEjLgHwQz4131txyWjAoJupS9wHguSwgro2tqnkjuOTqjYrOCrrW1CKppbEXQmGi3RRjukp25XC4ISSK8P2lscRoB9y/rcha8fVPFrXljG33lP2hdmxWg8GN/5CPgmxl1jC0+dO33E/BeXP47o/QmMty0TG6ZXO2trdQOfkkkHDeQCdQw2U2NAPipGX88e9ISd19+vNNASq+MH1TW5XC7wNlo8QNsjvEj/vqVHTWfWR6DV45eKu8SH6O133h7bqle6WfiJgzxBw6kKJ7LKXD33ikHRw9o/opJBddVZ4hMAXxXF0NKLKxyoWdirWUbV4FaeSmYNlCW2KniPVVQENeQNEyZo0TpMMkx+XNicLospLAR1AIleD7kPiNRM6WnE7o3HiZhw2lvmnqSpu1bWR4reBgYBFnsOpe9x9pKoqqrkmqYNNGtcfw5fFeZnx6Xr6ssSnHEoQD5zfeocz+Gcr2kXVbiFSfKaU30Y25127t1HTVjjEN9dUYqWbDsOe5uIQCTRufe61WINzYaHD/Cwj1hYxtpX96453BtZbGmkjnwrg5iC2LKC4a6DT8dgmr+toHC/wBZO37oPqv+aLc1BYYf0l1wReMj03BRzrq9PhJcgCyHkYLqZ92qMm9+qpCdgr4lHlIRltFG+NViULVcBwskmyp0xE/a2Cplr3toOF5Q6nHD4v2AbutfwQOBYfiD4HjtDHQGYO7jqQmxb4gjQrUYhSGerbJmAOQA6dCfzUYorHdedj0GP7Q4XjDKtj8FoMPqoCzvCZ5Y9p9diLWROEYTLPRB2KYe2iqAbGNkoe09CCD71qvJrOv8UxpkcKz7sGib9gkelGUkRibkdsrLyS51TGjI2Q8jqtjjDMRYxo3BsPQiHtsddCpvJXtmjfk1YdHA+xFzRMnZexzdQqUnOBKokKhO6JqYJIftA25FCOvurwnZK030XVtLKFpK7bJZMlMlwx0SUoOiSPQyGhdq7RYDFPpUwnDcTqqCooqviU8ro3OsLEg20W9dusZ2i+jTBe0GKTYjPLVwVE1jIYHtyuNrXsWnouN1ysuyna7DO1LZjh5kbJBbPHI2xAOx8Qr4rJ9lfo+w/sviZrqCvrnuMZjdHKW5XA9bDkbFa2yIaFxCugwygnrqsvFPA3PIWMLiBzNgs2PpK7LPkbG6tmjc7YyU72j1kLXWa4FpAcCLEHW68zxv6JIKutknw3FHUsL/AO4fDnDPBpBGngtAS9IpZoaqFk9PIyWGRocyRhBa4HmCprAahZPsN2WxLstHJSzYsysoXXcyHglpjffUg5jYHmOtj1vqro4xOaHjK4Ag8iqysww6vptfufkrK+q7aU0ThZjWXN2mzgQehTLR1VHFVDvNs7k8bqirKSWmd3xdvJw2V6WiUb1mEYcbJKMbJ1RHWsNwVmH4FiIwyughrS2Rta+qoWZm5PtiRoecuYDNmBAJ09SvzLV86eD0Tn5VzxajnTN9Ev8ARcOO/QczcWZWiSnLHQ8dpMbn7xG2YeBFyRYa2FzquGQYuyIB1Y6R/GkY5xbHfhG+R4GUDM27bg6GztDcI/jTHTyV3oe1Nxpf3Sb+ZnzLABH/ANfyeWMEmYNDmTyGMAkEXaAAbXF+8QbdEg/FHNP1TxlkFrZAS0733vY9AL3021NM8v7nP/NH8ydtRIN6Oo9bPmRxtV7JMVzGSdvcILS1sf6t4Hde0AhzmO5tOoOm2o7hqa9pkkrIMkYPdjihLzoNRcG5N7kG1iCBoQUcap3OkqR/C381watvOGoH+kSiGoZXzwSF54slPJocjbvgNtwAO831kHqNoI6ytEjIwziMF80xp3guGljl0sett9xzALNbEN2VH+3kPwTithPm1A/Gmk+VHA0LJitVFR1M7aCWZ1O43ZEx13gAGzQRqbHQ9dDZdNxBxhdUymOahlbxIywXzRnUFp864scu+9s2iKFbCP23pp5PlTsqqaMZWXY25NhE5ouTc8uqOBMhThUE1pIJi2NwuBa4SRorqf8AaN9N0k3q39J5qmKZJJSWJOd0ySzOXLpuySSzOlG9OkjDI+a6akkmI6ATOOySSzS6TJJIlf/Z","Die Bremer Reederei Hanseatic Lloyd hat ihre komplette Flotte von vier Containerschiffen an Navios Maritime Containers verkauft. Preis: 96,8 Mio. $.","Hanseatic Lloyd verkauft alle Schiffe an Navios. Die Bremer Reederei Hanseatic Lloyd hat ihre komplette Flotte von vier Containerschiffen an Navios Maritime Containers verkauft. Preis: 96,8 Mio. $.",0.0,0.30000001192092896,0.0,,,Hanseatic Lloyd verkauft alle Schiffe an Navios
