level_0,index,topic_id,article_id,date,title,full_title,media,language,topic_score,article_score,href,thumbnail,abstract,text,sentiment_score,sentiment_magnitude,topic_sentiment_score,organization,topic_title
0,0,0,trikomsel_00000,2017-05-29,BRIEF-Trikomsel Pte updates noteholders on restructuring process of ...,brief trikomsel pte updates noteholders idusfwn1iv010,Reuters,en,1.0,1.0,https://www.reuters.com/article/brief-trikomsel-pte-updates-noteholders-idUSFWN1IV010,,Trikomsel pte ltd updates holders of notes on restructuring process of trikomsel oke ... SG$115 million 5.25% senior fixed rate notes due 2016 of Trikomsel Pte.,brief trikomsel pte updates noteholders idusfwn1iv010. Trikomsel pte ltd updates holders of notes on restructuring process of trikomsel oke ... SG$115 million 5.25% senior fixed rate notes due 2016 of Trikomsel Pte.,0.10000000149011612,0.4000000059604645,0.10000000149011612,Trikomsel pte ltd|Trikomsel Pte,BRIEF-Trikomsel Pte updates noteholders on restructuring process of ...
1,1,0,trikomsel_00001,2017-07-28,BRIEF-Trikomsel Pte updates on winding up of co and Trikomsel ...,brief trikomsel pte updates on winding u idusfwn1kj06n,Reuters,en,1.0,0.8983957219251336,https://www.reuters.com/article/brief-trikomsel-pte-updates-on-winding-u-idUSFWN1KJ06N,,July 28 (Reuters) - Trikomsel: * Court ordered that the issuer and TSPL be wound up. * Refers to announcement relating to winding up of Trikomsel Pte Ltd and ...,brief trikomsel pte updates on winding u idusfwn1kj06n. July 28 (Reuters) - Trikomsel: * Court ordered that the issuer and TSPL be wound up. * Refers to announcement relating to winding up of Trikomsel Pte Ltd and ...,0.10000000149011612,0.6000000238418579,0.10000000149011612,Trikomsel|Court|Reuters|Trikomsel Pte Ltd,BRIEF-Trikomsel Pte updates noteholders on restructuring process of ...
2,2,-1,trikomsel_00004,2017-09-19,"Something old, something new from SIAS","Something old, something new from SIAS",THE BUSINESS TIMES,en,0.33762788935202726,0.680672268907563,https://www.businesstimes.com.sg/hub-projects/sias-investors-choice-awards-2017/something-old-something-new-from-sias,"data:image/jpeg;base64,/9j/4AAQSkZJRgABAQAAAQABAAD/2wCEAAkGBwgHBgkIBwgKCgkLDRYPDQwMDRsUFRAWIB0iIiAdHx8kKDQsJCYxJx8fLT0tMTU3Ojo6Iys/RD84QzQ5OjcBCgoKDQwNGg8PGjclHyU3Nzc3Nzc3Nzc3Nzc3Nzc3Nzc3Nzc3Nzc3Nzc3Nzc3Nzc3Nzc3Nzc3Nzc3Nzc3Nzc3N//AABEIAGQAZAMBIgACEQEDEQH/xAAcAAEAAgIDAQAAAAAAAAAAAAAABgcFCAIDBAH/xABCEAABAwMBBQMIBQoHAQAAAAABAgMEAAURBgcSEyExQVGRFCJhcXJzgbEVNEKywSMkJjI1N1KCoeEzU2KSs9HxCP/EABkBAAIDAQAAAAAAAAAAAAAAAAAEAQIDBf/EACMRAAMAAgEFAAIDAAAAAAAAAAABAgMRMQQSITJBM3EFUWH/2gAMAwEAAhEDEQA/AKNpSlAClKUAKUpQApSlAClKUAKUpQApSlAClKUAKUpQApSlAClK5NoU4tKEJUpSjhKUjJJ7hQBxpWf1Xo+9aTlJZvMThpcGW3kHebX6ld/oPOsDigD5SlKAFKUoAUq39W7LEvG6zLA2sPm4BmJAaACCjhpUs5UeXPePXHLFVEtCm1qQsEKScEHsNGyWtHGlKUEClKUAKtDYfol2931q+TWiLbAXvIJH+K8P1QPQOp+A76jWzzTsTUV4cZnOqDTDXFLaDguecBjPYOfOtitMTY1qYbt2EMRUJwylIwE+gCrrG3PcVdpPRnb7ZYF+trsC6R0Px3MHdUOhHQjuNaw7ULJFsV/EOO2hp1IPEQ2MJI5bqgOzIJ8K2Eu+t7VAWW3JsKOrukvpSr/bnNUntpuNvvUy23GFPhyn+Gtl3ydxKiEggpyB61dayc7pUaq9S5/srOu9mHJfYefZjvOMsAF1xCCUt56bx6D4109K2YhaXtTdluTVljBm3XmHEwlCiQd4qBOc/wAJST41LeiqWzWc18rYa+7IbVfLq/MjyPopnIQiPEjpCCAACrs5k58KUdyDtZMtVT2rFpq53PzUqjsuOIJPLiK5J8VED41qQSVKJJyT1JrZXbaSNnk7BOC8yD6Rvitd7Mw3Jukdl9O82tWFJzjPKox8Fsj8nixXypZqq2sIj+WtjdcyEqA6K7PhiooOdXa0ZTSpbR3vw5Mdlh59hxtqQkqaWpOAsA4JFeerUGlDqbSdgUmYI6o8cgBTe8FbxHp9FV7frNKsU8wppbLoSF5bVkYNZRkVePprUNeTrs91l2ae3NgOFDyPBQ7QR2irJ0ZtBcuOqYse5xEcKQA02UArUh3PI+rs6cs5qqRWwOw/SceBYW9QSWgqfN3uCpQ5tNZxy9JwTnuxWjtyiilNkS2k7N5rcmbfrIyhcAhT8loLwpogFS1AHkU8s4ByM9MVVeK3PKEqSUqQFJIwUkZBHqrWW/abiNXbVEe3NuPmDIbEYNqCuSiSoebyP4YqsvuLWlPk47NtWW/Tsx+PerZGmW6bhLy1sha2vSM9U8+Y/wDDsnakw0WyKm2FBg8JPk/DOU8PHm49GMYrTtxtxlZQ6hSFjqlQwRWwOidWQbHpO2W11Mt51lnz1FIOCSVYBz0GcCpcOuAm1PJw2l7R5WltQt22G1xB5MhxZz0USrl4AUqAbUiNQ6o+kYXmNrjoSUu8iCMjsz6KUdmiHRae2393k33zP3hVFaVnBElMJ1CVJWrebVu80qx31eu2393k33zP3xWvmnv21F9v8DUYuAzLeyyoelH9VJbjBzgxFSUNvPDClN5BIO7nn0x8aj8GC7ouQyNR2mPLtlyZbWX+CV8LeyQnJGArAyU9ehHSrk2eptK4zrltLyHyhsSY7q97dUnOFjl0OT/aoH/9BXBDRtFkYwlKEqkuJHq3Ef0Cqm33VorinthMlNtYix4DDUAARUoBa3Tkbp5jB+NVRtNaL2skNAgFxlpOe7JIqxtFnOk7USefk4HzrGyNKO3vaDGkP22U9BbLBW8OTeAcqB7ehHSksHjKxrL6Ira66ccittLininzULH+o8s8+wkir8tOqdP2y0woMaYpDcdhDYSphwlOB0zu8/XVbaojeSSpTSWlttCWA0CCMpDwAwT1HLrX0FG6fMPUfa/tT2TXwVwttPZKdpWq4M/SzrMK5yUEut8YR0LbUpoqwoZIGeR6VF9JWqHb235NulmTFlhBQVAZTu72QfHurF6lKfoSVhP2E/a9Ir37G4b8h2S3KYeMIqQtJKSEnIWCQfWkeFEWo8sjPFUtIw204Dj2845lC8+IrMxPqrPu0/IVh9qIxKgpHQBwDxFZiJ9VZ92n5Ct59mZT6Ix12+sJ9gfM0r7dseUJz/APmaVFcl1wWftflR7hoOaxBeQ+6HG1lKDk7qVZJ+AqibLFWzPtkgqBS+pe6B1G7kGrllpCoryVAFJQQQRkHlUKvKIf0lb3H1r8oypLCE9PST6qW6d9yY7/ACGKcFqV52iQ6YvirG6+81GQ644gIClLKd0dSPjy8Kju0Rx/V9+guIZbZkCMtJO+TvBJyOzvUa9rXbXSHVJvUZoY3FsOEgjtBTg/1PjTNSn5EJbWPwS3SDamtL21twbq0M7qh3EE1Z8T6oz7tPyquNPc7NG/m+8azzeurQy2hsl47iQknhdoHrrm4odXWh+qSlbIbtYeQ7fOG0oKDKI7ZSPsq4mSPAisKA7unzO0fYFdWpn0SZUt9sqKHZaVpKuuC6Dzrlupwfyievcf+qbyLWkK4Xvb/wBOEpKliOlxAKTJjggoGCOKirnSlLfmoSlKQeQSMAVS0hICo2FA/nMfpn/NRV1H9Y+ukOq+DmL6VPtG0kmRHYdXcWm7gN/gRMZ4gyN7n2Y78Y7K8EZKkR2kqBBCEgg9hxWQ1BMcf1TG4m6riNO8yOacEYAPZXkV+sfXXVwqkt0/JzXSb1K8GIu/1lPsfiaUu/1lPsfiaVL5NFwWBJH5u77Bqv8AUI/SGz/z0pSvS+j/AGdH+Y/NH6Zl2gPOryqH6QQ/cO/NNfaU4zlL8RN9O/saN/N941EnB+UX7RpSk+j97Gs/pJ4rikFjB7Xmv+RNZNMZBT1V176UrXNyY9PwzomMIR5MoE5EqN196irj7fjSlc7qvg9i+lQXofpRB9y/8011qA3j66UrsRwcqTE3YfnCPYHzNKUrOuRieD//2Q==",... and Nam Cheong and even branching out to lend a hand to frazzled bond investors of Indonesia's mobile phone operator and Singapore-listed Trikomsel.,"Something old, something new from SIAS. ... and Nam Cheong and even branching out to lend a hand to frazzled bond investors of Indonesia's mobile phone operator and Singapore-listed Trikomsel.",0.0,0.0,0.0,Trikomsel,"Something old, something new from SIAS"
3,3,-2,trikomsel_00008,2018-02-19,Mobile Communication Product Distributors in Focus: Erajaya ...,item8609?,Indonesia Investments (press release),en,0.24963159445918065,0.5032679738562091,https://www.indonesia-investments.com/business/business-columns/mobile-communication-product-distributors-in-focus-erajaya-swasembada/item8609?,"data:image/jpeg;base64,/9j/4AAQSkZJRgABAQAAAQABAAD/2wCEAAkGBwgHBgkIBwgKCgkLDRYPDQwMDRsUFRAWIB0iIiAdHx8kKDQsJCYxJx8fLT0tMTU3Ojo6Iys/RD84QzQ5OjcBCgoKDQwNGg8PGjclHyU3Nzc3Nzc3Nzc3Nzc3Nzc3Nzc3Nzc3Nzc3Nzc3Nzc3Nzc3Nzc3Nzc3Nzc3Nzc3Nzc3N//AABEIAGQAZAMBIgACEQEDEQH/xAAcAAABBAMBAAAAAAAAAAAAAAAGAAQFBwEDCAL/xAA9EAABAwMCBAMECAUCBwAAAAABAgMEAAUREiEGEzFBIlFhB3GRoRQyQlKBkrHBYnLR8PEj4RUWJDNDU4L/xAAaAQADAQEBAQAAAAAAAAAAAAACAwQBAAUG/8QAIhEAAgMAAgICAwEAAAAAAAAAAAECAxESMSFRBDITIkEF/9oADAMBAAIRAxEAPwC6+VjopX5jXjQNYTzF5Iz9avXOR5q/KaWoZyM491ccLlZH/cX8azyRj66/zUg4n1/KazrHr8DXHCLf3VkfvQt7R7rNsPCkmZb1q+kFaGkrwP8AT1KwVe/y9SKluIb7FsNnkXKUSW2U7JGxWrske81z9xLxrdr/ACCZshXIJ8MZolLSfw+123OaxsKKCbgvje8M3diPdbkuTFeWG1cxWpSCeigff19KutCFgYLhrlmFPdjSG3o6yhaCFoVpBwfx9avr2fcWniGG4zMSlE2OAVlP1XEnoofvQxfsKS9BeEq7uGlp/iOaRUn7wpldbvb7RFMm4ym2Gh0Kuqj5AdSfQUYseaV915/ClpP3/lVY332sN6ls8Pw+cfsvv7BXnhPX401sXtVkqeCbzEQpo/bY2KfwPWg5oNVyaLZCT9/5UqbwJ8a4RG5URzmsuDKVJSf7z6UqLUAOhikDVHv+1a/mSFtfQ228jDJaKgfQqzmjzg3j2LxIRFeAh3EdWFbhf8p7+79axSTDcGg1/CsE14Ac++Mfy/70ilz74+FEAU97bLk8/coVpCtLDaec5/EonA+AB+NV+1FYWskqOlG6gB7qsb25WN57/h1xi5W4XBGUhPVWrJGPnQtw9ZnHXFQmkSClbR5q3mQjCsHwjfekTlhTVHkQkyOwy14VAYPw60W+zCd9C4pioCgUOtuNK/lyCD8QPjUHI4WvMlSm2Icl3mDxuuLASDnrjPyqf4G4elt3+3NzYgS8x4nCFBSSkKzkY75wKxSDlDsvIbjPSubeLr3K4m4kecfdUmOl0tspHRDYVjb37k+ea6PAXgZKfhVHzuGYJu90gKbQZUMkpKHFbpJ1AqAweih3x1xjejteITRFSYJqitRHXWFOnWkggjoP6/706LCFAOJx4zsR386IrLw9bbsOSYdwUtAIMlay2EnyCT2qDlQV2m6v2x1etLfiQVd0/wCP0pGlfHAitF4uFshpYhS1NNE6tI8z/ilUMZKmMJ2JO52z6ftSof29m5H0DBaJc5YGScJHqaspjgthu1RXY7rke4taVJkoOSlYORt5A0CQHW0XJhxzRgKBOokAH1IBxVkouzsmzq+gKbccyBoZUTrT02VjbPTO1HNtAwSaDrhS8m72Zt6QUoltKUxKRnGl1BwrbyPUehFTGtH3h8ar/gMvwZr6ZDQYVMSp99hIylGgISkg9iQQCP4aGuNfa1crff5NvsbMPkRlctbrzalqUsdcYUAADt36VTCWoinDjLC3ZzTUmM40op8aFJ1bZGRjNVL/AMZuDF8U3JjLV9HAbZaCVEOK3z9UHfw7UITvanxZKSUpuKGM92Y6B8yDT3gu/v3iXMi3xxckOI5vOIHMBSQO34GlXR1aUfFnxlxf9CV25Xc3ZpTTbjKHk6nmlpOlrGepJ2J8sDzow4Tnx3XZEdLyC+yUlxPQgKGUn9fgaEVXKChhcKzpW6tRJcdc+z558zQFO4ruFh4vfnWZ5KVoQll0OJ1odA7Ee/8AT30qn7jvlP8ATEzplLiCPrJ+NV5xPcBaeJpSnIheMltJbUgpHhwEk5Pkai+HfbNEcYDfEUBbL46uxE6m1f8AyTkfE1LcS3jhviuxOuxJ8ZZigPBR2W2OpylQz2z06in2LlElolwmMbVxCtazFVy1rQnUpbKwpIz5kUB8aTmzxetxtWoIQEqOfPrUxceJ7Vb7emJAf+lyVAqUs4zv1NB7UJ6SXrhJJGvJAPepoLHrLbZasRPx9L7QWSnPQ5pVFQpXKaUlRUPFnp50qLyBiNXB/IkTQmeG1NrUMlwZAx3xVpx5UWI44uKI6mijk5W6EYwd/U74qmbXMXDWhxsJODnerl4fskafCZnT0JDryAtSGvCNxkZI3P8AfWsn9g6nFR8jNy7OQG5soP8AMCGFBjUAFaTg5P5ao7WpRypRUo9VE5JPrVrcamzLVdI8OS83NjtaVF0ANjA+qDsR238zVUsMOyVhthCluY2SKfT0TfJjkk/ZkdaNfZhb3Jd5edQvSlpkhWR11f4FC6LZM0jWhtB763kD96tv2NWsN2i4vyG0lS5IQlQUFApCEnY+8mjmuUcE1y4yTY4l2FaA46haEOnoofriqakNf9U8Soq/1Fbnvv1rpCe0w0y65jZttSs58hmua21K0J1HJwMml1VuO6MusU8w2pTkelNnVKQsONEgp6Edq9qUVuFCSdKeteXgAk99qdgkIeHbE7dnDL2SyygBwn7RJ6A+fSibiSOIFrbGQEpIAx7s/sKf8DRJLvCi47hRyXM6QlIBBO4UT1J+HShzim5SZkGAlxO6StEk9g4PCcfBVSyTckWVySgxtDdS0wOa3qUrxZH9+lKp6xcNi5wA86FJKToA3G2B/WsUQOkZaOFVO6VJdStBG46mrftyRa7Ihb5QkNNBOScdBQnwJbBOCJSifo7Xb7yqfcczHHXY8BokoxrUANsDYfPf8KQ5N+SyNO2KoAuKnUrg3GXghySkhRB6gqyP2oPsDUWRcEM3CUYsdaSC8EasbbbZH60R8YOYt3LCt1uBO3cDJpez1yHOU5Z7hbojzehT4eUnS51AxrG467HanVPINg/6EY/nUV6NF54Vm21kTW3UzLeU6vpDCMgDzUnO36etF3skuRYaXECNlyDrIPUqSnB+VSNgsD1qnJNom4iuE82DNBWNPctqHX55qUtlosVvu0pEGO5FlvBJW3uEAgk5SD06+6udvjCdVY9JniN1EWx3Fa1biK4en8JrnHcaUj6x2roHjaQP+UbsknxmG4ACep09qoSOypOXFDxHp6U9PVqJJLHhkoCE4pu4Mn061vcWNyeg61KXuyPWWDBMsEPy2uatv/1jOAPf0J99adhbPBjWnh6CnopLQSr1rSmwx5NxemyiHmg6vkx9PgQc+In7yiQfd+FeuG58dq0xFlWElsJPqR0xUgmYyIqFhwFKk5KgNs9T7jk0pjUzwUnJCCEgbbd6VaEPOOJ1Mo1I7K0KOfhWKw0nokeNZ7a3DiJ0ttJwPOgC5X1udcJHIGlSTyitecK3xlO3Spe7X4otnMXlLhQRge6gq3qQXw8VY2zjy32qXtHt/Dg42OTIjjt0BxllOfCCrHl2qKYEu3X4tW51xEht/lNrbIJOTgDy326164gkKud5eLavCPDnyA705ttxTAurdwSyh0tyC7oJ8KlZz/fuFWVxyB5PzbOd7aC208YpS0/FuocakJyB15aleo6oP44p1bLpJTJC5MkSEK6a1gKT5YV/WtFx42s15szlvkh6O7J0NuLKB4empQO9Bl+uCEXByLZ1FmJGOhPLcJ1Hzz3oPx8n1hjs4rd0u5udDnMFuawh1KU5PNbCtvPuPnVQcQNpiXWVHDfLCFnCM50g7gfOo623+6sqALqn29jocWQDjftTV1cmQpbrjmpwnJ26nvR11uLYq22M0sQ+sE2BC4hiu3NAXHSvKs9EnGyiO+Dg4os9qiw+i2yEHUhbbgCgchQ8J6/jVaqSpSiojdIyakm7u89aWbXKOpphwrYWo7oBGCn3d/jRtCkwv4HlqmwFQ+bh5v7C+jg8x5KFENg4cuNyuDqHluR4qF6l5x4snJAx3PnQdwLBdc4gQy0opZKdTrif/GB9r9vxq+4P0dERBjKQtnGy0kEK9c0L7DXRhq1tNNJbbJQhIwEpwAB8KVan7uwy4UF1sehNKsxG+Sn+J5zqWGI6AlKXl6VqGdWB2z2FD0iS41AWpBAJ/wAUqVTwPet8J56B1lRCHyDvyyc/CnaQEtIA7bfpSpVauj52XY1k/aHYAY+VZYSAkYHnWaVaY+zd9TBTsRjHyrMtRakIWjYlGT674pUq4w0zhoUCnqoYPrTQHC9vKlSrji8LBwtDRIsiWpM1oKbBXy3tOo5B3wPWtNwnSGOI240dwtMTXnOa2g4GUnYjyO9KlUq7K30yuLrfbobpMSiY42ht5SEoRjAAPrSpUqeI1n//2Q==","For example, Global Teleshop and Trikomsel Oke are considering to close those outlets that show no profit. However, despite the aggressive network expansion ...","item8609?. For example, Global Teleshop and Trikomsel Oke are considering to close those outlets that show no profit. However, despite the aggressive network expansion ...",0.0,0.30000001192092896,0.0,Global Teleshop|Trikomsel Oke,Mobile Communication Product Distributors in Focus: Erajaya ...
4,7,1,trikomsel_00025,2017-05-27,Consumer Electronics and Appliances in Indonesia 2017 Market ...,3370312,Digital Journal,en,0.16029622551361677,0.20168067226890754,http://www.digitaljournal.com/pr/3370312,,WiseGuyReports.Com Publish a New Market Research Report On - “Consumer Electronics and Appliances in Indonesia 2017 Market Expected to Grow at ...,3370312. WiseGuyReports.Com Publish a New Market Research Report On - “Consumer Electronics and Appliances in Indonesia 2017 Market Expected to Grow at ...,0.0,0.10000000149011612,0.10000000149011612,New Market Research Report On,Consumer Electronics and Appliances in Indonesia 2017 Market ...
5,8,1,trikomsel_00082,2017-09-13,Consumer Electronics and Appliances in Indonesia Market 2017 Top ...,consumer electronics and appliances in indonesia market 2017 top key players driver outlook growth supply demand analysis and research forecast report to 2022,Newshawk Time,en,0.16029622551361677,0.0038363171355498753,http://newshawktime.com/consumer-electronics-and-appliances-in-indonesia-market-2017-top-key-players-driver-outlook-growth-supply-demand-analysis-and-research-forecast-report-to-2022/,"data:image/jpeg;base64,/9j/4AAQSkZJRgABAQAAAQABAAD/2wCEAAkGBwgHBgkIBwgKCgkLDRYPDQwMDRsUFRAWIB0iIiAdHx8kKDQsJCYxJx8fLT0tMTU3Ojo6Iys/RD84QzQ5OjcBCgoKDQwNGg8PGjclHyU3Nzc3Nzc3Nzc3Nzc3Nzc3Nzc3Nzc3Nzc3Nzc3Nzc3Nzc3Nzc3Nzc3Nzc3Nzc3Nzc3N//AABEIAGQAZAMBIgACEQEDEQH/xAAcAAACAgMBAQAAAAAAAAAAAAAABQQGAQIDBwj/xABFEAACAQMCAwQFCAgBDQAAAAABAgMABBEFIQYSMRMiQVEUMnGB0QcVYZGSk6GxIzNCUnKC0uHBFiQ1Q1Ric3R1hKKys//EABYBAQEBAAAAAAAAAAAAAAAAAAABAv/EABYRAQEBAAAAAAAAAAAAAAAAAAABEf/aAAwDAQACEQMRAD8A9xooooCiiigKKhavfpptjJcNgsBhE/ebwFVOXijU0cgGA7+Mf96C80VR4+LdRLYaO2P8hH+NTm4ouI2jDW8Tc/XBIqaLVRXOFzJEj4wWUHHltW+aozRWKKDNFYrNAVjPnSVOL+HJJxbprdiZjJ2QTthkvnHKPM58K8l+XTVNQsOJLKOxvZ7dJLYlhE+M4IoPcy6jqy/XWpmjHWRPtCvkD521RjvqmoH/ALqT416Pw1Lrc3C2kS2Ucd0G7X0iS5kcsv6Uge3x6/RQescaDmtrX/iH8qqFz+uf2msadqFxccGxtcStIYLpooy25VRGpA/E0TnJ5j4ipVRfTIIpwkjYbI2xTOdw80JHTbFL4beGa4XtEBOetTLnCTqo6LhRUWF/yicf67w1rVtp+lm0EDWUUp7WEs3MSwO+R5Cq7YfKvxXNqFvHNcWYieQKwW1A67edRvlnYf5W2v8A0yD83qirIUZXX1lOR7q0y9qn404hGcXkaH6IF/xFa8LcX6/qPGWl2N5qJktZpJBJEIY1DYicjcLnqAetUG411HXIPUZqf8nN8Z/lE0Ueckv/AMZKD6KHSiiig8FtrGaNbEGVexiv4bpiY2xjthsGxjPXbOcYPSnPG1xw1xPeJei4s5CsOVN1BKw5fEjkIwPrpEkNiPRS1wSi3MRAEuS0najKcuNhjfr12xnvUW2v8LNZxxwrxAYBAYAnajAjOCV/WdOlQRE0jQH/AFZ0R8YB5LC7bGTt4+PhTW3vBp9itvZalYQW0KswUaNdEIM94+tthifZmo1vrXC9qGFra67EGZGPZyhclDlTtJ4HpWLniTh0W7K0HEDIyuhVrohSrtzMDiToTvUUxtNSsrbhF7Y3sTTLeNKwAIwhRQDv7KcynuqfoqgCNp9N1Q26kRIgfBO4XO3vq9k5iT+EflVpBbty3Mf8QrpfSqkpeRgFDDJPtqGH5ZkPkRXDX3zbkZ6uD+dZUx1PT+FuLtSW4a+aaWG3SFyttkLy+GTjO7eHnS7VeAdKFkTo0sD3XMMLdwhUx49MnPlSrg92jhvSuztzgny/SLTu1huDMWhlmfkQ5ElwSijzOdh06+2tMomi8GaWlo7cRtYo4l5Ua0WEpyYHrF165zt7KtvC3B/DFtq0N/o1zz3FseYFI7cDcYIJVMjY+YpHHYy3diEt5ba+t1GCIbjtgmN+XbB28qmcIyHS7xzbrBDG6HPKGOTt5mqPTwdqKSJq0jLntovuz8aKDxRdS097iCDkYy+kxIsfKMK3ajv5/DHT9r1tqp+ln/M09g/IVJ0m5kn1LTzLJlnvIs77ZMg8Kew/J9q0MSxrf2I5QAcM/wDTUCSuF7+p99Wb/ILWf9us/tv/AE1q3AGrsMNe2ZHkXf8AporbR/8AQetf8ov5ird2R7JD20o7g8R5eyqnpkZi0nXomILJbBSR02YCriB+hUZ3CD8qBdIjdqAJ5f8Ax+FRdZWQxgCWVsEeC/Cus+bq79BhlVZZYnYMd+QAAZwOu5G30074fj+adHstPUs/o8QTnGAGPicZ881BUuFOYG4UllOX7pGM95asHEFmtxw3YW0c5jWd5ZrhVAJlIYKiH/dwc4rS902Z9ZfV2uEaNu4ISDzDu8vXp1FY9HWRHilleNCwkjkj3aJ8YJ8QQfLHXPmMUJNCsr/Q+Jbe4sbuWK3mlkeW3T1Nlyu30EgZq16nI3zjcHTmjiBmYDnBwPMbfT+VIItLura6F22oi/vA4EbywdmkKeOADufjvXLijtVsLWKDvFrhVPNvnY7n370FrhtNWkjDrfWmD5h/jRVK1fh9+2hJ9DYmIbsuD1NFVCqbSdO03UWjF2iS28ytE4BYd1/W+ncZGx8M4zmrPdTcloLoXkqGJk7QMUxLlcnlwc7EcuSBuR4bGg32mahDeTQyXUkzxvyvJ2g3OcdfGpzcO3YtEeS8ugGaMRK0uFkDDOVGfDYH2+NAwteKr0axHIXhFmDhlNzHuD4+tV0XXtMYg/ONt75l+NedpwivpgVoITB1Lczg/wDtTUcL2A/1A+8f+qg2tpo/QNe76kyRkKAevezTnV7W51Th0tphiEyzp2sj93KKnq82PNs4OBVfstMK6dqYXbCbbdNxVis7P0HTnliTmkmISRpJmVQoXOfLOT08qgqY0nXow00csHMBjEV0vOR8Pf5bUve616IbtfqR4CVx+GafS6JO2ZgbXs16t2ew9pzUSz12GwmDKhk5MgPFEFYeHdJ6fCqLnp7SnhrRzKrCV4OeQvkszEnck75ruI2Pn9mlxaS8s7S8F1fTJcxc4S5kBKddttq0WyXH6iL7sfCoGhRx/el2orJKVi5wuGyCw7p26fjQLBdsQx/dj4VzuLNo1XkRFJb93HhVENuDtRuWaY3drhzkc0rEgfVRUtL3U4R2fYwkLsOaM5xRVEex0iJ7m3EsQPNKoYNnccwGPqqXE9unI6adGGG4IPj9VWtNNUTpJznmEitjbB7w288+PspTHaYQbVBB9P8AO2P2/wC1YOoqBvbN9qmBtforlLa93pQaWVmG03UG5cBo849+aZyaes9qLW4QSRAhuRunNjGfqqTZWh+bLjA6oAaZFEz+0dh+wd6CrScMaYQWNmMKCSqkjmrEPBWl3ltHMkckayLzBeY5FWoIv7r/AHbfCsTtMkQ7Iyrg+AwPxoEq2Vvbww6dGrlrVeRSV2K9dz78VtHbJly+VjjxzMBnc9APpphaJJNO7y95mGC23gR8KlaiUhsLIdn3cyBioHrZGM+0VAji7K5u1tbZJEmJxyXAC8/8J8/bis3lkXSMqPVcHcVOsuW51aBETPrDPlkf2/Gn01qGvJRDgDOen11RU7svK6nljGFAoq5rFcAAAIf5D8aKBatvFzDu7gBwf5wMUnMaqSANhWaKDQqPKuciry9KKKB7ZRr813G37NTCoz7qKKDIUVzuVHZj20UUHCzQc7e+pfZxyL2UsavG5wysNqxRQSVgh08ctrEiZHXG/wBdd7FQJG2/ZoooJ4x+6KKKKD//2Q==",The Consumer Electronics and Appliances Market in Indonesia to grow at a CAGR of 10.21% by revenue during the period 2020. Consumer Electronics and ...,consumer electronics and appliances in indonesia market 2017 top key players driver outlook growth supply demand analysis and research forecast report to 2022. The Consumer Electronics and Appliances Market in Indonesia to grow at a CAGR of 10.21% by revenue during the period 2020. Consumer Electronics and ...,0.20000000298023224,0.699999988079071,0.10000000149011612,Consumer Electronics,Consumer Electronics and Appliances in Indonesia 2017 Market ...
6,4,-3,trikomsel_00018,2017-02-25,Lessons on bond investments,Lessons on bond investments,The Straits Times,en,0.13963622584312238,0.2815126050420168,https://www.straitstimes.com/business/invest/lessons-on-bond-investments,"data:image/jpeg;base64,/9j/4AAQSkZJRgABAQAAAQABAAD/2wCEAAkGBwgHBgkIBwgKCgkLDRYPDQwMDRsUFRAWIB0iIiAdHx8kKDQsJCYxJx8fLT0tMTU3Ojo6Iys/RD84QzQ5OjcBCgoKDQwNGg8PGjclHyU3Nzc3Nzc3Nzc3Nzc3Nzc3Nzc3Nzc3Nzc3Nzc3Nzc3Nzc3Nzc3Nzc3Nzc3Nzc3Nzc3N//AABEIAGQAZAMBIgACEQEDEQH/xAAcAAEAAgIDAQAAAAAAAAAAAAAABwgEBgEDBQL/xAA3EAABAwMCAwYDBwMFAAAAAAABAAIDBAUREiEGMUEHE1FhcYEikbEUMkJSocHRCBUWYnKCovD/xAAaAQACAwEBAAAAAAAAAAAAAAAAAwEEBQIG/8QAIxEAAwACAgMAAQUAAAAAAAAAAAECAwQRQRIhMVEFE3Ghwf/aAAwDAQACEQMRAD8AnFERABERABEXDnNY0ucQGgZJPRAHKKFOOO23uamSh4Sijk0O0ur5hqaf9jeo/wBR+XVR8e0/jJzvjv04OxLgxg+QDcIAtYiq5RdrHGNHVCb+8CqZnLoqiBhYdvIAj2IU5dnfH1BxpRP0NFNcoBmekLs4H5mnq36dehIBuKIiACIiACIiACIiACh3+oDi2Wgo6fh2hndHJVt72r0bHus4Dc+DjnPkMdVMSqn2v1z6/tCvDnuJbDI2Bg/KGNA+uT7oA01uc4/VfckfUbjGfRfDc7AcysiNge0AnGeQUhwYZ5r0bFeK2x3amuVumMdTTv1MPQ+IPiCNiFnU3Ds0oMmlxZjJwFnf44XRPkjaSG5IAHgc/QLh5Ehqw0y0HC97g4isNFdqXZlTGHFvVjhs5vsQR7L1VDv9Pl0kEF3sU+QaaUTxgnlq+FwA8MtafVxUxLoW1wEREEBERABERAHBVOuLJBU8TXiZhDhLcJyHeOZHH9wrc3mvjtlumq5cYY3YE7E+fl4+WVUCpawzF0jxqdIZDgYBBJJPkglI7LLZprpXNp4SGkYBJ6ZUkxcC2m2iA111DKk7saQ3B9iMnl+i8LstjbPxHNDgaxEXD12H8qVTaKeaYSzQtdIxweHEbhwGAQehGT81Sz5Wq46NPVwy8fl2YFBb6SWiNP8ABKNIJe1oGR7Ly432htfNRubXyOY3UWxktYB7Yz+q2ZkENJKYqdgbpB1AHJ33OVl07YXv0aWMkcMnplVVT7LtyvFMi62Vh4b7YaaalyKetDWujOd2vABHrlufXCsSOQUDdqVNFR33hu4RNBlbVhhx+IBzXD9/mp5YQ5oLeRGQtLDXlCMXYlLI+DlERNEBERABERAGodrMUsnAdzkgLg+CPvDp6t5O/wCpcqr1Ehkd3h2xluM+Stpx1UUz+Hq+3zDUaqnfGd8BgcCNRPh/GFUaVuipe1x2a8g7eahE9Gw8BXJ1BxNTStdguy31z/4qdW3cBkznNIfCMvGOQxnPyVcGRy0c2vdsjN2kdCCpU4c40jlZEK5miYsEcjujx0Kp7UNtUjS0si4cs2mlrKaaYzUtbI7vX63Ngbr3wPL02WTPVOdK2BsFR3xOprnDGjzOTkDywsO2UdO+cz07sNcdWWu2/hOLrtT8MWioriGunkOmFmd3vP7DcqqpVel9NGqUz5V8NJ7V7mHXagpy7WaZnePA6anfwwqe+Fa43Cw0dQ45cWFrj5tJB+iqJUXKor62oqqp5fUTv1Odj22VoeyyKaLhOETE7yu0NP4WjAwPLYrTxx4SpMHNk/cp0bgiImCQiIgAuMoTgZWJLM5xwNgqu1txrzzR1Mtmk9obK6WGRtM0hssgbra4amgNOoN9dLTz6nwVbrlSiKqliaJDIwkPDwQ7Oefurc1dDTVrdFTC2Rvg7dRX2pcDwQUj7rQwH7PGCZ2R/fi3Hxt8QBnI88rN1f1R3k8bX0bULx9EKd7NuxxLsZ2O+/VSZwPaaW+2ON2QZojofvuMcv03UZSaYZJWMcHsOWh46jPNbt2XXEQXUQMkMZmicHg8i5u7T7gkYHktXYTePlHepSWTh9m/T0H+P26epZUPYImF5GcjAG5UKXm93G9VAnuVU+dzchgdyYPIcgpn48mnm4WqWxjeRpa7B8s4UEHmk6a9NsfvtpqV8M20Rh1ZGXE6Q8ZwcdfFW74Q0Hh2gfFpDXwh2lowGk8wPLOVT2LIb8OfiHTxCtJ2PVpquBKGOSUPkptULvEAH4QfYj2VzsodG7oiKTkLgnCE4GSsaWXVsPuqrtbUa88v7+DqZ5EsurIHJdJ3QlAvKbGxee/Kh6XCGFj3GlZW0ctPJ9yRhY70IwVkrjmk/CSoN4t8tFeKyikjIlincwsxjkdsfVZNk+0UV5p/s0ZdI55aMjO3XntgDcqWO2HgKouFT/frNAZJ9IE8TObsfix16fJRvw/PUUV5hkrKKpcYdixrdtiOZPJerw7U5sHK+8e0LSarkk1orJWwWqsktsU1VDmLvqhzXH/gRnVg5xn6KIuL7IbDdn03ftnafi1huBlSJxKI6W4Tz3W0QVL5Iy1uHZc3UAWFw5PxsMjO2RlRxfZqqtbFPUh7u7JiMjs5djcZPU4PPrhGssic1z6a/s7zZXk9PowaKIv7wkE6G6yOWQCM/VWM7G6eW32KWKQDR35MbvFpaDj2JI9iq8W50glAibrP5QwuyPMDdWf4JrnVtkoZJYxHI+DXpDNOBnw6dPmkfqme8Slz+TiFymbiOS5XxEcxtPki1YpVKpdiTGlcS4g8gup3JEXjNqqrJTbLMny3mvtEVdHTHRdIJyfVcoiyZO7GW7ryK+w2ytlElRSsLzzIGM+viiJjfC5IX0wuKuHKC8UJdU942SJuGyRkB2Mj4TkYIXl0fBtkp7AaA0xnjmJke+Y5eXEYznpsB8lyi7ebIsKlU+OSYS8jQrFYbcOKqWFkOgt+JsjDpcCGyDmPQEqZrZRspog7XJI8jGqQ5OM+WyIrG5dO0m+v9ZHHo9anPwH1REW7qU/2J/gr19P/2Q==","Before that, there had been no bond defaults here since 2009, but that changed with the string of collapses led by Trikomsel, then Pacific Andes Resources ...","Lessons on bond investments. Before that, there had been no bond defaults here since 2009, but that changed with the string of collapses led by Trikomsel, then Pacific Andes Resources ...",-0.4000000059604645,0.8999999761581421,-0.4000000059604645,Trikomsel,Lessons on bond investments
7,5,-4,trikomsel_00020,2017-09-06,Which Companies Fail to Comply with IDX's Minimum Free Float Rule?,Which Companies Fail to Comply with IDX's Minimum Free Float Rule?,Indonesia Investments (press release),en,0.1264367816091954,0.2549019607843137,https://www.indonesia-investments.com/news/todays-headlines/which-companies-fail-to-comply-with-idx-s-minimum-free-float-rule/item8173?,,The Indonesia Stock Exchange (IDX) could force companies to delist if they will not comply with the minimum 7.5 percent free float regulation soon. Back in ...,Which Companies Fail to Comply with IDX's Minimum Free Float Rule?. The Indonesia Stock Exchange (IDX) could force companies to delist if they will not comply with the minimum 7.5 percent free float regulation soon. Back in ...,-0.20000000298023224,0.8999999761581421,-0.20000000298023224,IDX,Which Companies Fail to Comply with IDX's Minimum Free Float Rule?
8,6,-5,trikomsel_00024,2017-01-30,IDX Extends Suspension of Nine Issuers,IDX Extends Suspension of Nine Issuers,Netralnews,en,0.10469652051802153,0.2110726643598616,http://www.en.netralnews.com/news/business/read/892/idx.extends.suspension.of.nine.issuers,"data:image/jpeg;base64,/9j/4AAQSkZJRgABAQAAAQABAAD/2wCEAAkGBwgHBgkIBwgKCgkLDRYPDQwMDRsUFRAWIB0iIiAdHx8kKDQsJCYxJx8fLT0tMTU3Ojo6Iys/RD84QzQ5OjcBCgoKDQwNGg8PGjclHyU3Nzc3Nzc3Nzc3Nzc3Nzc3Nzc3Nzc3Nzc3Nzc3Nzc3Nzc3Nzc3Nzc3Nzc3Nzc3Nzc3N//AABEIAGQAZAMBIgACEQEDEQH/xAAcAAABBQEBAQAAAAAAAAAAAAAGAAEDBAUHAgj/xAA8EAACAQMCBAQDBgQEBwEAAAABAgMEBREAIQYSMUETIlFhFHGBBxUykaGxI0LB0VJyouEzNENjc4LwFv/EABoBAAMBAQEBAAAAAAAAAAAAAAABAgMEBgX/xAAhEQACAgICAgMBAAAAAAAAAAAAAQIREiEDMQRBEyJRYf/aAAwDAQACEQMRAD8AB5aGBI3mvMtUKYYY0/N4lZTue43wE/zH02zvqx97TQzSrZqdKWt2aKriUS/GRAAYeQjIJwD/ACg9CAd9YrVkcEqOssss0QKxynIdBjHI56sv9vTbVCWaSSIxSMkUBOTEAAucdQANMRozS0kCzrK5kSZuaShik5xG/wDi5z367jJ7E6ihurxkQxxKKcZEfID5fmSTrM8RRuuXbGOdu4+WvLsz7Ods7L6fTToRckmeZuZ2ydRMdRwuQMY8vY69nHXQkM899FHAVnhuNzWet/5aBuZge+BzH6ADP5aGBroltpJbJwS1wmUA10ccdKytnm8Q87/IhF5cay5pNR0dnhcUeTlqRsX67U8tPBPQUggjRipdzlnc77n0Gsq2XCqq7gKeK8w0ALZDvM6cx9sD98ddLjqAWaz2Ch5yZZIXq5s/4nKj9MY+mh7hmrenu9PUrB47QuGWLl5uZs+UY77749tcfHxv5E2ejn5fHDxmuNftXv2dprqe8UlDTw3KjS+0HIDO+3ig9cqdjt2/fQhxH9n4uMSXfheZzTKpeWlbJqIyOyep9iR89FNz48qbZSmWemjapxhqdDkQ+oZv8XsOnfVHhziW28R3hamll+6+IFIV4S/8KvT0I6EgZ3/EPca+m4uK2eWzn2jkVTcrcszJLYRM6nBeeoeOQ/5lj5QD9M+50tfRd24T4evNX8ZdLRSz1BUAu6749999LWdD+aJ8ph5CDygJtjOckj0z30ypzyKihnkYgKqjPMfb10axR8C2czGaepvTvsihMKuPfb23+eqtVx09NGYeH7fTWyBWUqyxgyMF6cx6E582fXV40c1/woycJ3WCwy3mpRKanjODHLlHJ5+UDlI67E6H9j0BI9T/AF1qSy3+/HLmsqxnPnJ5B26HYdO2vNwsVZa6OKpr3iQysVjiD8ztjqdtsDI799DaGjP+vTThjqPm3669gbaBj5OOuun09pWt4GpZ7BPJUfDSvPNSyL/EEgRA3hqPxKNz9Rrl+caJrdd1i4aEaVHgXCjrvGhIJVjGycp5T6hgD8tZ8kbRv4/LhKze+2F3i4jo6d25lgtcCj/VnUk6SfZ9ZaUlT/8AoLpH4ysw2oY8Y2HeTDMAe2W+pjeordBxAeN7yomoaW2wGlQkEy1B5iAB3O4/P21y6+T3PiGvhqp43lnkp1aRgNgWZmx7fix9NLCtlfNklFvRmTXGonXEkrEe51XhmmjnSWB3SZWDI6fiVh0I99XnsdbGnNKaeL/ySgftnUD0VOmBPdoFU/iESMx/31dSl2xS5oRVI6An20XmKGKKSjonlReWSTDHnI7+3y0tBHgcHAAPW3qRgN2SGID9d9PqqOU6XbvsdtECj70rqqpcjfkIjUf1/M6v0/B9kt7BKC3q0vOMM0RJx/nY/wBdG9ZKokcZVMDG4LZyfY6zaiZ2TNPLM+F5FIG3NnfuPTGkTbMto0o0eWlpPDCMEXyuCx9eYH9tcY+0C8G7cRyhJDJBSZgiJYtnB8xyeu+fyGuocd3h7Nw9VuTy1EqrBD4jc/M7dSBzEeUb9PTXDAMAAdtHZSFvpwB3B0hp+g0xmnRTWaKDNZRV1TUd1WVY4x+Q5tTLe6CCTNJZKKEjYCWRpz/qOtme3Udt+z6krJqKF7nXzHwpGBLeHnbG/pjHz1r8U3Go4Nt9ptFrSkgrfg1NXKKdGct0O5Hz/PRRDaBWu4su1QqITDEBsqiIDA9s6zkrbncahYFqZXkkOFUSBQT+g0c8BVTcX1tVar9HHVIIfFSQoFYb4IyPntoDu1J933aspI3JWnnaNW7nlOx+en6sFV0PdbdX214xXxNG0i8yknIPr+utjhPhFuIaSrrZK1KKlpTh3kjLBhjJwc9v7a6NaqWg4/4NpPjleOaGVRLJGMMJF2bHsw/fQXxhf4qeL7isqmnt9N5Ei5SCx6lnzvnPTPz069k5XpAndYaWlqzFQzPJCAMPMgDE99h0Glqnsd2yT3PrpaLNKPqOtqDKuTO6rlmOHIzjoMjVFYiJiqpK3lwGbmbmZuuxO3+2uXTV92ZMPX1TI3/ebB/XWXdK6eChmlknldz5V5nO7H+3X6ay2Ih+0O7JcL38FStmkt4aJDjHO+fOx+oA+mhXTcxyTnJO5z30+c6pFi1at1FLcq+noKf/AItTIsan0yev06/TVX39NEfD1Q3C9bTXuqokq4ypFOYqlCAxG5bGSCBnY40XsT6Detp4rz9otqs8W9JaYwzf+g/vyjQVx5cRdeK66ePBjEgijI35gvlGPnjVu08bparxcLnT2pZp6w/9acjwlzkqMDfJ7/LTnjuOB/GtfDNnoan+WoSEM6n2JG2r0ZpNBDwnTPwFZam9XaPkuNcojpKRvxADfLem5G3sNC3DHDcvElVPW1svwlsgJeqqm9dzyr7/ALaxLldq67VRqbnUy1Dk787dvQemt678byXDh+OywWqnoaWNlKCCRj0z1zsc/vvotBi1sJKL7QaWivtFQUkCwWKBfhwvdV6CRj69PzOqX2rcOmGt+/aReanqMfEFSMI+wDfJtvr89c9yMkHoeuj+2cQzScKLb6i9Wh0WmdRSVcD87cucIXyFG2MN8h1Glml2GNO0c+ORpackHcnHtpaVl7DiGR12TPyxod4lrWq6wQrhUgGDg9W7n6dPz0WFXiheSOPxJAPInMBzHsN9BlXQVtGxe40s8LOclpYioYnfqdj9Nc/FK0aOKLjcN1ApIplkjDeEJJlkbl5Mnb/71zqSfhK4K0gheB/h40apDTKvhk59eo2OD7ajHEVyHP8AxInD45g8QOQDkfrvpzxNcckslKwIUFfCIBxjBO+/QDXRaM/sJuD78gkzQ58P8RWRSAu55s56bHUDcOXAKskUcc7NCZuWGVWbkHfH83TPlztq5JxhWPXrXPTotQiqAYppEU46ZXODsMEd9TVvGPxMMiRWyOneSnMBdJem4PMAFHTGMdNPQvsZVntL3QVUiyckVLEJZSsZkbBOPKo6+57a9zWGuDwtSU89VDUAtTyJCwMiA/i5ew174evUFkqErY6eoNfEx5GWoCxupGOV15c4+R31stxLaqyjq6SqjqqYVVLBEZoUQlDH+NAuw5WOTtjG22ihtg8lmuctRJTx22saaIAyRiBuZc+oxt7aa4WuehSB384kgSViqHEXMMhWPY40TXniWmvlqSKWskt1XA+YSiNIJECgIC4wQy4OT7k68cWXa33O1p92VQQwzcklMV5TUJgBJPmB5SProFsGrXbZrnPLFTtEnhwtM7ytyqqLjJJ+uoKunNNL4fjQy7Z54X51P11v8Gcscd2ZZaFKp6QRQJWOoR8uC2x67DV6x0kdBWVb3ipt626oxHUU9OwdZObuuPwhc55h06DPYoLAvGff5aWuvUVpsMqSffkVu+JSRkXzKq+GPwlcdsb+vXS08ULNgXxLchHUx0giWaJBzP5iu56AEH0/fVeguzUjIlquNwoVbAFPIfGgOe2B1+qHWQs7PI7yYYu3Mdu517Sskp6pJaRzFIhyGAB/Q7a5oqlRtYeVVqoK4RPUUdI0vjLHM1KvwzPjZ2GBy8pIc5x/LjHfWFcuGqJaR6233B0jUqJIauA80LMvMFZ0yM4x1A3201FxZWQRTpPT0tSsw/i4XwXb58vlPU/y6u0fGEMbEjx6bxHLVDND4njE9cspBHXsudh8tWqJ2D9ysFfQLC0kazpLH4okpsuFXpltgV+owe2pG4bbxoqda6L4p4hNJE0TjwkKcxJOCDgem+tCrvKVFzpK2Od0igiSIS0Mzo3IgwchwDkgdOmtK63mIVFxnrZ5llqgPh5pad0kijZgXRGyVIAH5nVxabE7oCEpJJa2OkpmWaSVxHGUyA5Jx31HLC8UzxMFLISCVORt7jqNdUp7lGt1lpzTUjUUWainqIakTGNB5VKLjy7Pkj2OgDi+keh4hqqNqeOn8AhQEJIdceVs98jfPudW1RKZjcpxzdumdP0xoytFthn4apqarklhp3WpuE5jUFuVOWNMA+pGqtRwrE9LBXUNc60UkBmlaoiy8Q5uUbJkNzEHGPQ6WLHkgWO415xouq+HU+5rVDbhFV11dM8iToCuYsbA56Abk56axa2wXCjEBaOOZJ28OOSnkEiM+ccuR0Oe2k00CZlgYGAxA9Bpatm2XAMy/AVZKkqcQMcEfIabSGekAxrzgYB76WlrMoWnLsnlU4HXGlpaYj0hJfBOxbUExYZUM3KpOFzsPpptLQux+iMqAuQMH21I0kkpVpZHkYAAF2JOPTfS0tWQbNRf69KJIVaPleEUxwgBEYOQBj30T8Jn76Y2qr8tLLbQv8MkMngsOQqex87Z9dNpa1iJktQvwcTUkLNyQWOQIx/EMSf176z+EGJ4eZSfLJe6cOPXdD++n0tV7Rn+g7crvcmuFQRcKpMyNskzAdfTOlpaWk+yj//Z","JAKARTA, NETRALNEWS.COM – The Indonesia Stock Exchange (IDX) has extended the suspension of stocks from nine issuers that started since the first ...","IDX Extends Suspension of Nine Issuers. JAKARTA, NETRALNEWS.COM – The Indonesia Stock Exchange (IDX) has extended the suspension of stocks from nine issuers that started since the first ...",0.4000000059604645,0.8999999761581421,0.4000000059604645,Indonesia Stock Exchange,IDX Extends Suspension of Nine Issuers
9,10,-7,trikomsel_00027,2018-04-08,Over 100 Million Prepaid SIM Cards Blocked by Indonesian Government,Over 100 Million Prepaid SIM Cards Blocked by Indonesian Government,Indonesia Investments (press release),en,0.09147609147609148,0.18441971383147857,https://www.indonesia-investments.com/news/todays-headlines/over-100-million-prepaid-sim-cards-blocked-by-indonesian-government/item8718?,"data:image/jpeg;base64,/9j/4AAQSkZJRgABAQAAAQABAAD/2wCEAAkGBwgHBgkIBwgKCgkLDRYPDQwMDRsUFRAWIB0iIiAdHx8kKDQsJCYxJx8fLT0tMTU3Ojo6Iys/RD84QzQ5OjcBCgoKDQwNGg8PGjclHyU3Nzc3Nzc3Nzc3Nzc3Nzc3Nzc3Nzc3Nzc3Nzc3Nzc3Nzc3Nzc3Nzc3Nzc3Nzc3Nzc3N//AABEIAGQAZAMBIgACEQEDEQH/xAAcAAABBAMBAAAAAAAAAAAAAAAGAAQFBwEDCAL/xAA9EAABAwMCBAMECAUCBwAAAAABAgMEAAUREiEGEzFBIlFhB3GRoRQyQlKBkrHBYnLR8PEj4RUWJDNDU4L/xAAaAQADAQEBAQAAAAAAAAAAAAACAwQBAAUG/8QAIhEAAgMAAgICAwEAAAAAAAAAAAECAxESMSFRBDITIkEF/9oADAMBAAIRAxEAPwC6+VjopX5jXjQNYTzF5Iz9avXOR5q/KaWoZyM491ccLlZH/cX8azyRj66/zUg4n1/KazrHr8DXHCLf3VkfvQt7R7rNsPCkmZb1q+kFaGkrwP8AT1KwVe/y9SKluIb7FsNnkXKUSW2U7JGxWrske81z9xLxrdr/ACCZshXIJ8MZolLSfw+123OaxsKKCbgvje8M3diPdbkuTFeWG1cxWpSCeigff19KutCFgYLhrlmFPdjSG3o6yhaCFoVpBwfx9avr2fcWniGG4zMSlE2OAVlP1XEnoofvQxfsKS9BeEq7uGlp/iOaRUn7wpldbvb7RFMm4ym2Gh0Kuqj5AdSfQUYseaV915/ClpP3/lVY332sN6ls8Pw+cfsvv7BXnhPX401sXtVkqeCbzEQpo/bY2KfwPWg5oNVyaLZCT9/5UqbwJ8a4RG5URzmsuDKVJSf7z6UqLUAOhikDVHv+1a/mSFtfQ228jDJaKgfQqzmjzg3j2LxIRFeAh3EdWFbhf8p7+79axSTDcGg1/CsE14Ac++Mfy/70ilz74+FEAU97bLk8/coVpCtLDaec5/EonA+AB+NV+1FYWskqOlG6gB7qsb25WN57/h1xi5W4XBGUhPVWrJGPnQtw9ZnHXFQmkSClbR5q3mQjCsHwjfekTlhTVHkQkyOwy14VAYPw60W+zCd9C4pioCgUOtuNK/lyCD8QPjUHI4WvMlSm2Icl3mDxuuLASDnrjPyqf4G4elt3+3NzYgS8x4nCFBSSkKzkY75wKxSDlDsvIbjPSubeLr3K4m4kecfdUmOl0tspHRDYVjb37k+ea6PAXgZKfhVHzuGYJu90gKbQZUMkpKHFbpJ1AqAweih3x1xjejteITRFSYJqitRHXWFOnWkggjoP6/706LCFAOJx4zsR386IrLw9bbsOSYdwUtAIMlay2EnyCT2qDlQV2m6v2x1etLfiQVd0/wCP0pGlfHAitF4uFshpYhS1NNE6tI8z/ilUMZKmMJ2JO52z6ftSof29m5H0DBaJc5YGScJHqaspjgthu1RXY7rke4taVJkoOSlYORt5A0CQHW0XJhxzRgKBOokAH1IBxVkouzsmzq+gKbccyBoZUTrT02VjbPTO1HNtAwSaDrhS8m72Zt6QUoltKUxKRnGl1BwrbyPUehFTGtH3h8ar/gMvwZr6ZDQYVMSp99hIylGgISkg9iQQCP4aGuNfa1crff5NvsbMPkRlctbrzalqUsdcYUAADt36VTCWoinDjLC3ZzTUmM40op8aFJ1bZGRjNVL/AMZuDF8U3JjLV9HAbZaCVEOK3z9UHfw7UITvanxZKSUpuKGM92Y6B8yDT3gu/v3iXMi3xxckOI5vOIHMBSQO34GlXR1aUfFnxlxf9CV25Xc3ZpTTbjKHk6nmlpOlrGepJ2J8sDzow4Tnx3XZEdLyC+yUlxPQgKGUn9fgaEVXKChhcKzpW6tRJcdc+z558zQFO4ruFh4vfnWZ5KVoQll0OJ1odA7Ee/8AT30qn7jvlP8ATEzplLiCPrJ+NV5xPcBaeJpSnIheMltJbUgpHhwEk5Pkai+HfbNEcYDfEUBbL46uxE6m1f8AyTkfE1LcS3jhviuxOuxJ8ZZigPBR2W2OpylQz2z06in2LlElolwmMbVxCtazFVy1rQnUpbKwpIz5kUB8aTmzxetxtWoIQEqOfPrUxceJ7Vb7emJAf+lyVAqUs4zv1NB7UJ6SXrhJJGvJAPepoLHrLbZasRPx9L7QWSnPQ5pVFQpXKaUlRUPFnp50qLyBiNXB/IkTQmeG1NrUMlwZAx3xVpx5UWI44uKI6mijk5W6EYwd/U74qmbXMXDWhxsJODnerl4fskafCZnT0JDryAtSGvCNxkZI3P8AfWsn9g6nFR8jNy7OQG5soP8AMCGFBjUAFaTg5P5ao7WpRypRUo9VE5JPrVrcamzLVdI8OS83NjtaVF0ANjA+qDsR238zVUsMOyVhthCluY2SKfT0TfJjkk/ZkdaNfZhb3Jd5edQvSlpkhWR11f4FC6LZM0jWhtB763kD96tv2NWsN2i4vyG0lS5IQlQUFApCEnY+8mjmuUcE1y4yTY4l2FaA46haEOnoofriqakNf9U8Soq/1Fbnvv1rpCe0w0y65jZttSs58hmua21K0J1HJwMml1VuO6MusU8w2pTkelNnVKQsONEgp6Edq9qUVuFCSdKeteXgAk99qdgkIeHbE7dnDL2SyygBwn7RJ6A+fSibiSOIFrbGQEpIAx7s/sKf8DRJLvCi47hRyXM6QlIBBO4UT1J+HShzim5SZkGAlxO6StEk9g4PCcfBVSyTckWVySgxtDdS0wOa3qUrxZH9+lKp6xcNi5wA86FJKToA3G2B/WsUQOkZaOFVO6VJdStBG46mrftyRa7Ihb5QkNNBOScdBQnwJbBOCJSifo7Xb7yqfcczHHXY8BokoxrUANsDYfPf8KQ5N+SyNO2KoAuKnUrg3GXghySkhRB6gqyP2oPsDUWRcEM3CUYsdaSC8EasbbbZH60R8YOYt3LCt1uBO3cDJpez1yHOU5Z7hbojzehT4eUnS51AxrG467HanVPINg/6EY/nUV6NF54Vm21kTW3UzLeU6vpDCMgDzUnO36etF3skuRYaXECNlyDrIPUqSnB+VSNgsD1qnJNom4iuE82DNBWNPctqHX55qUtlosVvu0pEGO5FlvBJW3uEAgk5SD06+6udvjCdVY9JniN1EWx3Fa1biK4en8JrnHcaUj6x2roHjaQP+UbsknxmG4ACep09qoSOypOXFDxHp6U9PVqJJLHhkoCE4pu4Mn061vcWNyeg61KXuyPWWDBMsEPy2uatv/1jOAPf0J99adhbPBjWnh6CnopLQSr1rSmwx5NxemyiHmg6vkx9PgQc+In7yiQfd+FeuG58dq0xFlWElsJPqR0xUgmYyIqFhwFKk5KgNs9T7jk0pjUzwUnJCCEgbbd6VaEPOOJ1Mo1I7K0KOfhWKw0nokeNZ7a3DiJ0ttJwPOgC5X1udcJHIGlSTyitecK3xlO3Spe7X4otnMXlLhQRge6gq3qQXw8VY2zjy32qXtHt/Dg42OTIjjt0BxllOfCCrHl2qKYEu3X4tW51xEht/lNrbIJOTgDy326164gkKud5eLavCPDnyA705ttxTAurdwSyh0tyC7oJ8KlZz/fuFWVxyB5PzbOd7aC208YpS0/FuocakJyB15aleo6oP44p1bLpJTJC5MkSEK6a1gKT5YV/WtFx42s15szlvkh6O7J0NuLKB4empQO9Bl+uCEXByLZ1FmJGOhPLcJ1Hzz3oPx8n1hjs4rd0u5udDnMFuawh1KU5PNbCtvPuPnVQcQNpiXWVHDfLCFnCM50g7gfOo623+6sqALqn29jocWQDjftTV1cmQpbrjmpwnJ26nvR11uLYq22M0sQ+sE2BC4hiu3NAXHSvKs9EnGyiO+Dg4os9qiw+i2yEHUhbbgCgchQ8J6/jVaqSpSiojdIyakm7u89aWbXKOpphwrYWo7oBGCn3d/jRtCkwv4HlqmwFQ+bh5v7C+jg8x5KFENg4cuNyuDqHluR4qF6l5x4snJAx3PnQdwLBdc4gQy0opZKdTrif/GB9r9vxq+4P0dERBjKQtnGy0kEK9c0L7DXRhq1tNNJbbJQhIwEpwAB8KVan7uwy4UF1sehNKsxG+Sn+J5zqWGI6AlKXl6VqGdWB2z2FD0iS41AWpBAJ/wAUqVTwPet8J56B1lRCHyDvyyc/CnaQEtIA7bfpSpVauj52XY1k/aHYAY+VZYSAkYHnWaVaY+zd9TBTsRjHyrMtRakIWjYlGT674pUq4w0zhoUCnqoYPrTQHC9vKlSrji8LBwtDRIsiWpM1oKbBXy3tOo5B3wPWtNwnSGOI240dwtMTXnOa2g4GUnYjyO9KlUq7K30yuLrfbobpMSiY42ht5SEoRjAAPrSpUqeI1n//2Q==",The Indonesian government has already blocked 100.9 million prepaid SIM cards in the 1-31 March 2018 period as mobile phone users failed to re-register their ...,Over 100 Million Prepaid SIM Cards Blocked by Indonesian Government. The Indonesian government has already blocked 100.9 million prepaid SIM cards in the 1-31 March 2018 period as mobile phone users failed to re-register their ...,-0.5,1.0,-0.5,Government,Over 100 Million Prepaid SIM Cards Blocked by Indonesian Government
10,11,-8,trikomsel_00038,2017-10-27,Blue Chip Telkom Indonesia Continues to Post Solid Growth in Q3,Blue Chip Telkom Indonesia Continues to Post Solid Growth in Q3,Indonesia Investments (press release),en,0.05713969938107869,0.11519607843137257,https://www.indonesia-investments.com/finance/financial-columns/blue-chip-telkom-indonesia-continues-to-post-solid-growth-in-q3/item8325?,,State-controlled telecommunication and network provider Telekomunikasi Indonesia (Telkom) managed to post a 12.5 percent year-on-year (y/y) rise in net ...,Blue Chip Telkom Indonesia Continues to Post Solid Growth in Q3. State-controlled telecommunication and network provider Telekomunikasi Indonesia (Telkom) managed to post a 12.5 percent year-on-year (y/y) rise in net ...,0.0,0.10000000149011612,0.0,Telkom Indonesia|Blue Chip,Blue Chip Telkom Indonesia Continues to Post Solid Growth in Q3
11,12,-9,trikomsel_00039,2017-09-13,Indonesia to Tighten Monitoring of Satellite Operators,Indonesia to Tighten Monitoring of Satellite Operators,Indonesia Investments (press release),en,0.05478265576787744,0.11044417767106844,https://www.indonesia-investments.com/news/todays-headlines/indonesia-to-tighten-monitoring-of-satellite-operators/item8197?,"data:image/jpeg;base64,/9j/4AAQSkZJRgABAQAAAQABAAD/2wCEAAkGBwgHBgkIBwgKCgkLDRYPDQwMDRsUFRAWIB0iIiAdHx8kKDQsJCYxJx8fLT0tMTU3Ojo6Iys/RD84QzQ5OjcBCgoKDQwNGg8PGjclHyU3Nzc3Nzc3Nzc3Nzc3Nzc3Nzc3Nzc3Nzc3Nzc3Nzc3Nzc3Nzc3Nzc3Nzc3Nzc3Nzc3N//AABEIAGQAZAMBIgACEQEDEQH/xAAbAAABBQEBAAAAAAAAAAAAAAAGAAEDBAUCB//EADsQAAIBAwMBBAcGBAYDAAAAAAECAwAEEQUSITEGE0FRFCJhcYGRoSMyQlJisVPB0dIVcpKi4fAHFiT/xAAaAQADAQEBAQAAAAAAAAAAAAABAgMEAAUG/8QAJxEAAgEEAQMEAgMAAAAAAAAAAAECAxESITEEQVETIjJSQpEUIyT/2gAMAwEAAhEDEQA/APHx14605z408UjxSLJG211OVYeBpnYu7OxyzHJPmauZxqVKpu9jZSHhXPd7VKnGD+Y+ZrrHXIaVP58c0sURhq7ZgURQirtByR1b31x4/ClS3FFTrjcMnAzyfKmpUTiS5WKOeRLeTvYlYhJNu3ePA48M1GwUEbSTxzkYwaXhXNBjoRpqc01KEkAJ6U1aOnaLf6gR3Fu2zoXPCr7yeK2U7O6bZSlL/URPIODHaDf/ALulWjTlLsZp14R7g2Lmc2nogY9x3ne7cD72MZ+VdW9jdXGe4gllxySqE4+VFDva2gHoGjREj8c5MhPw4H0qs/aPXI1eKKdoFPDJEoT9hVXRx5IrqHL4ooR9m9YmywsJgDzlkKj61OvZbU1Vu9hgGRty8yjb9apyzXtwT300rk8+s+TXDW86+J59tDBeA51O7RfPZbUcYVbdj1G2dCf3qGTstrKLkWMjjzTDftVPupfM1NAbqEloywbHBDYx8qOEfB2c1+SK02nXsGRNazIQMnMZFVSCOCMUSWvaTXrNHSO7kZHGGWTDgj40v8Xsbz1NT0qFj/FgzG2fPjg0rpq+hlVmuV+gbPSuaN7DsjputRyyaZqIjKLnurnCsT5A9DQtqel3emztFdQumDwSOD8aSVKSKU+ohN2RRNNTnimqJoPV5UW7Cx6g1jFGOkaTttHuC5FXNG0rs2LlNzuWJ5CglfqKx7XSpJmAhjeU+SDNEen9lNTbDejd0PEyNt+nWvYlilt2Pl1Kcn7Fc19d0vs2UiMMhjYDqo6eXPhQtdaDpjs8ohvJ8nJeN1b5+NFcHY25lwZLlFX9Kk/U1cg7JWEEik3lw8g5+z2j64qKqU4q17lnRryd1Gx58mjaM5wEvUP+VT/OpH7M6YQO7upEJ/iRH+Ver2+iaZle/jLN03SNlvjiprnRNIYZMAbH6jSPqYXtYsuir2u5I8eXskzsPR7i3lHluwfqK2rf/wAf3D2jS7FGB0FegxadpkQYw2ezacZUnNWE2CEhZrhFPQ7v6ihLqPqho9J95fo8XvOx18GO2DaPMsBVCTsdc85e3X3zLXsl9otpd7hcTFj5uo3D4ih+87Dl8mwuFf8AS5waoqlOXyIyp9RT+O0eb/8Aql5GCI7q2XPXE681dtdO1eOP0e59FvbX+DJKrY9xzkVt3/ZTUrYkS2kmPzKMj6VjT6XKuTgge+qqEXwyL6iotTVjh+wcN03ewtLbqesbjdtPsI6ilVX0e5TgMw9xpUPQXgourqW+R7fDJDAm2JVRF/DEgApzeTSAiJRgY5POPnXGbdLBpZCNwJIVRQbqmu6oxkEcTR24H3lTkj6ZrNGnmzTUr+mgrub+1t3zd3gc/kDdflVCTtHDGML6uD0wcEeVB8FpdSDv5L2FAME5JO33+VUtSSWymEc1wJd/rb0JbA8zWhUI9zJLqqr4Qdt2jjXPd7Q3gHbB/wCa6k7RIvrHvQPwkLtU/OgWKaAQiKO7m3OevcAKVx7Tn+VdEQhDGmrRmHOdrr+L2YyB8670YC/yK1uQzftDBMWR3KgnIYN094qw11O2zeNylcqRkAj30KadbTIBJFfW6QHIaVkyo8xkiirSdW02yUw3N4t5uXIfwFJOKj8UUpVJTfvdjuO8fChpEU5xhzV2O4kDgvH9mvUjAFZOq6na2s6XIVDFJnZKpGw+zzPNZE+oQT42rDFnOGLtk5HiTilwyXA/rYPkOrW6LtgOrIfAnJqS+0/TbuPE8Ebk+YwfmOaDkvYFlJJyIQNybuQM9eeSPZV9NXikUeis4Rufv5B+BFTdFp6NEeqhJWmrjzdk9GkkLJLPGPy8HHzpV2+sJCxSRBI3i2cU1N/Yu5L/AD/VADf3tzGHEl3vkb7uWPP06moLeaaKaJZC2XXDM67dvxbgVnaPACVurhUVByROeo9g6/Gr2pajBc6fLb2MUj72DHByPrzWtS8GPBKVjt9V0+2TZZvOM8EKxPTHPORk88+FQWJe7leFLbbHJnLyyEM4H5m8vdWdptvdXFyTNE25VG15Gwqgeea9C0wWlpEG1KVIljXcRHwH+FLfVyjik7Iw7W0vPU7hIZY8EFEUYUdOC3h7c1oC3t9LRmkMUqhS5Pd8A+Phk1ma12lSeTFidlqucBer8Hx8Kz7iaO9tI2lEgDZy27OVGBkZyc+dFMRwaexXvaBL2No57dpCrHumD7AgP6RxXOnJd34dbWBpdqElR1z51U0zRJ72Dv0fbGTzuU+qOec9PCjW2Nrotg89vkSRw92xYjaSp658+KGVgyjHgz9NgvY7d7S/hY24JB4+43mT7+tQW0V3bXrLLaxiOJthZ4xk+QBI5z4GotP1KTXb+NLqB3EjHIRsDJ6Hj2CjaW0sJNOSznYbokIVmfJHz64HjQlKwFScmwTuYx6RGYXRGkAyIzgMT5eHx9tcH0sXKItqjAt02BgPiOlaGoaDLEgurPDbQd0TruGfMZz7Km7OQ2bQCVkEM7AqQhPrfCmyVtElTeVmdI7SLubuhzgfaFfpSqY6ZaykvayfZk9OeD8qVLlEphMBW0izt5Ve51iGWfqyM5UH6VpWsEtwyRWj2ZQLgJFIpyfcaGZLRb+TdL9mQOFQc/E1aWFdBZDEWmvT0HURA+Pv/auTsWlFS03sLNS0bU9HUTPZteSkZRGbeEPnnrj2UI3l1ftA8Nw0qiTJmEq4HsC9D4Co77tFdzz9yl3JkDl3l6Gpn7XzwyCKP7aPC5M43gkdetTzT5ZWFGa3iZmn295fSRR7fUycEjHA8aMtO0axsoh6bdLIFkGQmeD5E/Kqk+v6ZcW6tPp6JE2SxgfYSeh46VA02m6paiCzvTC2/cI7hcZ8MBhmnjZdydVzl2sgq1HUtMS3Fm12ltEygHu0JJGegIrM7X6jZppSw2UsZWQgMFI3YA44oUvdD1UyYztX8AQgofiK4ttFgKv6bqAjkAIGUyvHXnrQcn4GjCC25G52UuYLHdciPfJhgu9xt54OfgenPyqye0F76THepNsgjY7ETpnrwP6mhmwt5oZSk87C3BKlo1JBH6Tj2CpLqe6muI42QLGh42J08OD41ylrg6VP3aYWa5qFxbOrRXXpFtcr3oDEnYT1XjrVuxvrvV7V7K0iVYI1GZAx3Rcc55yfHpUnZDs//jGkyLIyju33qG6A+P8A32Vk6/fPozvaWJaKJeCyEEyN5nPhT3V7GfB6duTRfWZtL22dvazXKRqMyyEgsfd4UqHfTtUvPtzNDFu6KzEcUq7QcbdxrbTY4xcyrNNuiT1Mkce3pWebAMB/9M/I5OVyfpSpVhnOXk9ulTg5PRWl0G3cljPcZPkV/triLs5al1zcXP8AqX+2lSqF22aWko6J7js/biQqLi52gfd3Lj9qeHQoInUrcXGR05X+2lSplJ3FcU4mzpEUtrORBdzqCCSMrj5YrduezGmano1zdyxtFNGVwYSFBJ65GKVKtak8DzKkIxq6RkaTpsdr3dvHNN3ZYnBI+XTpSvdMSSVc3NwA7jIBX+lKlRUniDFeo3YN9NtVsIIYLV5I1YZYg8tzjmgrtHpcR1R/tphuPPI9vspUqMm0tEqEU6myjBadzEqLcTEAcbtp/lSpUqCk7cml0qbfB//Z",The Indonesian government said it will ban the use of satellites that have exceeded their life expectancy in order to avoid incidents such as happened with the ...,Indonesia to Tighten Monitoring of Satellite Operators. The Indonesian government said it will ban the use of satellites that have exceeded their life expectancy in order to avoid incidents such as happened with the ...,-0.20000000298023224,0.4000000059604645,-0.20000000298023224,Satellite Operators,Indonesia to Tighten Monitoring of Satellite Operators
